OrderID,Date,CustomerID,Product,ShippingAddress,PaymentMethod,OrderStatus,TrackingNumber,CouponCode,ReferralSource,TotalPrice,Quantity,UnitPrice,ItemsInCart,CalculatedTotal,PriceDifference,Year,Month,MonthName,YearMonth
ORD200000,04/01/2023,C72649,Monitor,928 Main St,Debit Card,Shipped,TRK37947903,SAVE10,Instagram,2853.1,5,570.62,7,2853.1,0,2023,1,January,2023-01
ORD200001,05/01/2023,C75739,Phone,823 Main St,Online,Shipped,TRK91186779,SAVE10,Referral,302.7,2,151.35,3,302.7,0,2023,1,January,2023-01
ORD200002,06/01/2023,C81728,Tablet,512 Main St,Credit Card,Cancelled,TRK42903982,FREESHIP,Email,2753.4,5,550.68,8,2753.4,0,2023,1,January,2023-01
ORD200003,07/01/2023,C33540,Chair,275 Main St,Debit Card,Returned,TRK62788070,SAVE10,Facebook,273.19,1,273.19,5,273.19,0,2023,1,January,2023-01
ORD200004,08/01/2023,C81840,Printer,668 Main St,Online,Delivered,TRK29241424,SAVE10,Email,2504.04,4,626.01,8,2504.04,0,2023,1,January,2023-01
ORD200005,09/01/2023,C37249,Phone,934 Main St,Credit Card,Shipped,TRK72976927,SAVE10,Instagram,491.72,2,245.86,4,491.72,0,2023,1,January,2023-01
ORD200006,10/01/2023,C83492,Laptop,986 Main St,Gift Card,Returned,TRK96417362,SAVE10,Facebook,664.42,1,664.42,6,664.42,0,2023,1,January,2023-01
ORD200007,11/01/2023,C41460,Monitor,706 Main St,Cash,Shipped,TRK78809193,FREESHIP,Facebook,747.75,5,149.55,9,747.75,0,2023,1,January,2023-01
ORD200008,12/01/2023,C26817,Phone,904 Main St,Gift Card,Cancelled,TRK61042692,,Email,268.56,2,134.28,2,268.56,0,2023,1,January,2023-01
ORD200009,13/01/2023,C31946,Desk,102 Main St,Credit Card,Shipped,TRK33478363,SAVE10,Google,2037.52,4,509.38,6,2037.52,0,2023,1,January,2023-01
ORD200010,14/01/2023,C43443,Tablet,333 Main St,Credit Card,Returned,TRK98859248,WINTER15,Instagram,3129.85,5,625.97,9,3129.85,0,2023,1,January,2023-01
ORD200011,15/01/2023,C93861,Monitor,831 Main St,Online,Returned,TRK48234646,SAVE10,Email,147.42,3,49.14,7,147.42,0,2023,1,January,2023-01
ORD200012,16/01/2023,C38785,Monitor,179 Main St,Debit Card,Pending,TRK20419991,FREESHIP,Referral,361,2,180.5,6,361,0,2023,1,January,2023-01
ORD200013,17/01/2023,C88348,Laptop,903 Main St,Credit Card,Returned,TRK81913874,FREESHIP,Facebook,604.47,3,201.49,4,604.47,0,2023,1,January,2023-01
ORD200014,18/01/2023,C98474,Tablet,980 Main St,Debit Card,Pending,TRK79186539,SAVE10,Instagram,786.66,2,393.33,3,786.66,0,2023,1,January,2023-01
ORD200015,19/01/2023,C39416,Printer,942 Main St,Cash,Delivered,TRK54930938,,Google,473.96,1,473.96,3,473.96,0,2023,1,January,2023-01
ORD200016,20/01/2023,C28976,Printer,914 Main St,Credit Card,Pending,TRK13194259,FREESHIP,Email,1067.62,2,533.81,3,1067.62,0,2023,1,January,2023-01
ORD200017,21/01/2023,C60672,Tablet,382 Main St,Debit Card,Shipped,TRK11972116,,Referral,423.4,1,423.4,3,423.4,0,2023,1,January,2023-01
ORD200018,22/01/2023,C84329,Desk,891 Main St,Gift Card,Pending,TRK65191045,SAVE10,Facebook,431.44,1,431.44,3,431.44,0,2023,1,January,2023-01
ORD200019,23/01/2023,C14552,Monitor,273 Main St,Cash,Returned,TRK59101365,SAVE10,Google,1120,5,224,9,1120,0,2023,1,January,2023-01
ORD200020,24/01/2023,C54829,Chair,587 Main St,Cash,Pending,TRK16718651,WINTER15,Instagram,312.55,5,62.51,9,312.55,0,2023,1,January,2023-01
ORD200021,25/01/2023,C99023,Monitor,569 Main St,Cash,Delivered,TRK52646983,,Google,1371.8,4,342.95,6,1371.8,0,2023,1,January,2023-01
ORD200022,26/01/2023,C34416,Monitor,633 Main St,Online,Pending,TRK75937350,SAVE10,Google,99.24,2,49.62,2,99.24,0,2023,1,January,2023-01
ORD200023,27/01/2023,C42372,Phone,755 Main St,Debit Card,Cancelled,TRK36168083,FREESHIP,Referral,1093,4,273.25,5,1093,0,2023,1,January,2023-01
ORD200024,28/01/2023,C17470,Laptop,956 Main St,Online,Delivered,TRK28775057,WINTER15,Referral,461.9,2,230.95,3,461.9,0,2023,1,January,2023-01
ORD200025,29/01/2023,C42577,Monitor,709 Main St,Debit Card,Delivered,TRK69423327,WINTER15,Email,399.98,1,399.98,3,399.98,0,2023,1,January,2023-01
ORD200026,30/01/2023,C21944,Laptop,296 Main St,Online,Delivered,TRK80276812,,Referral,297.75,5,59.55,6,297.75,0,2023,1,January,2023-01
ORD200027,31/01/2023,C97593,Printer,881 Main St,Online,Shipped,TRK89117573,WINTER15,Google,472.74,1,472.74,6,472.74,0,2023,1,January,2023-01
ORD200028,01/02/2023,C59823,Phone,568 Main St,Online,Pending,TRK65895539,,Email,640.28,4,160.07,5,640.28,0,2023,2,February,2023-02
ORD200029,02/02/2023,C33260,Desk,930 Main St,Credit Card,Delivered,TRK59744090,SAVE10,Referral,1270.59,3,423.53,6,1270.59,0,2023,2,February,2023-02
ORD200030,03/02/2023,C44267,Monitor,895 Main St,Online,Pending,TRK54751444,SAVE10,Referral,853.4,2,426.7,5,853.4,0,2023,2,February,2023-02
ORD200031,04/02/2023,C26445,Chair,996 Main St,Debit Card,Returned,TRK31229981,,Facebook,1500.24,3,500.08,6,1500.24,0,2023,2,February,2023-02
ORD200032,05/02/2023,C12388,Tablet,830 Main St,Cash,Delivered,TRK99261395,,Email,2683.6,5,536.72,10,2683.6,0,2023,2,February,2023-02
ORD200033,06/02/2023,C52184,Chair,912 Main St,Online,Cancelled,TRK73312471,WINTER15,Facebook,162.77,1,162.77,4,162.77,0,2023,2,February,2023-02
ORD200034,07/02/2023,C67195,Chair,926 Main St,Credit Card,Pending,TRK55467915,WINTER15,Facebook,2306.08,4,576.52,5,2306.08,0,2023,2,February,2023-02
ORD200035,08/02/2023,C50304,Monitor,128 Main St,Online,Shipped,TRK46850888,SAVE10,Facebook,930.3,2,465.15,2,930.3,0,2023,2,February,2023-02
ORD200036,09/02/2023,C59337,Laptop,465 Main St,Debit Card,Pending,TRK50961250,,Facebook,1068.86,2,534.43,5,1068.86,0,2023,2,February,2023-02
ORD200037,10/02/2023,C10054,Laptop,409 Main St,Cash,Returned,TRK94005261,SAVE10,Instagram,153.48,2,76.74,7,153.48,0,2023,2,February,2023-02
ORD200038,11/02/2023,C15924,Laptop,549 Main St,Debit Card,Delivered,TRK14835975,SAVE10,Google,245.89,1,245.89,3,245.89,0,2023,2,February,2023-02
ORD200039,12/02/2023,C96664,Printer,666 Main St,Credit Card,Delivered,TRK85508960,SAVE10,Referral,769.38,3,256.46,4,769.38,0,2023,2,February,2023-02
ORD200040,13/02/2023,C84766,Desk,267 Main St,Online,Delivered,TRK78967923,FREESHIP,Instagram,688.04,2,344.02,4,688.04,0,2023,2,February,2023-02
ORD200041,14/02/2023,C20212,Monitor,657 Main St,Gift Card,Pending,TRK69733327,FREESHIP,Instagram,1834.35,3,611.45,4,1834.35,0,2023,2,February,2023-02
ORD200042,15/02/2023,C28712,Printer,980 Main St,Cash,Cancelled,TRK40772558,,Instagram,303.32,2,151.66,6,303.32,0,2023,2,February,2023-02
ORD200043,16/02/2023,C60572,Chair,871 Main St,Online,Cancelled,TRK20351666,,Instagram,1497.63,3,499.21,8,1497.63,0,2023,2,February,2023-02
ORD200044,17/02/2023,C73225,Phone,996 Main St,Gift Card,Returned,TRK73848522,FREESHIP,Referral,1100.36,2,550.18,3,1100.36,0,2023,2,February,2023-02
ORD200045,18/02/2023,C17388,Chair,157 Main St,Debit Card,Returned,TRK47077395,SAVE10,Facebook,317.25,1,317.25,1,317.25,0,2023,2,February,2023-02
ORD200046,19/02/2023,C43212,Monitor,223 Main St,Debit Card,Pending,TRK25100762,FREESHIP,Instagram,2200.56,4,550.14,4,2200.56,0,2023,2,February,2023-02
ORD200047,20/02/2023,C38134,Desk,323 Main St,Credit Card,Returned,TRK42450754,FREESHIP,Email,419.88,2,209.94,3,419.88,0,2023,2,February,2023-02
ORD200048,21/02/2023,C12408,Monitor,464 Main St,Debit Card,Shipped,TRK38938858,,Google,161.54,2,80.77,4,161.54,0,2023,2,February,2023-02
ORD200049,22/02/2023,C11985,Printer,633 Main St,Credit Card,Shipped,TRK53272402,SAVE10,Email,30.44,1,30.44,1,30.44,0,2023,2,February,2023-02
ORD200050,23/02/2023,C96494,Tablet,446 Main St,Online,Cancelled,TRK14675049,FREESHIP,Instagram,179.22,1,179.22,6,179.22,0,2023,2,February,2023-02
ORD200051,24/02/2023,C36778,Tablet,434 Main St,Cash,Returned,TRK67610289,SAVE10,Facebook,388.33,1,388.33,2,388.33,0,2023,2,February,2023-02
ORD200052,25/02/2023,C30513,Tablet,232 Main St,Online,Returned,TRK64320429,SAVE10,Facebook,586.44,1,586.44,5,586.44,0,2023,2,February,2023-02
ORD200053,26/02/2023,C67551,Phone,512 Main St,Online,Returned,TRK94992552,FREESHIP,Google,1955.12,4,488.78,5,1955.12,0,2023,2,February,2023-02
ORD200054,27/02/2023,C48120,Chair,623 Main St,Online,Pending,TRK11014449,WINTER15,Email,280.25,1,280.25,5,280.25,0,2023,2,February,2023-02
ORD200055,28/02/2023,C95984,Printer,565 Main St,Online,Cancelled,TRK67434829,,Facebook,1033.2,3,344.4,3,1033.2,0,2023,2,February,2023-02
ORD200056,01/03/2023,C54298,Tablet,566 Main St,Cash,Cancelled,TRK62902341,WINTER15,Referral,1437.63,3,479.21,5,1437.63,0,2023,3,March,2023-03
ORD200057,02/03/2023,C88036,Printer,842 Main St,Cash,Returned,TRK52470128,SAVE10,Instagram,1571.35,5,314.27,6,1571.35,0,2023,3,March,2023-03
ORD200058,03/03/2023,C60190,Phone,202 Main St,Gift Card,Cancelled,TRK70857868,SAVE10,Google,1898.76,4,474.69,6,1898.76,0,2023,3,March,2023-03
ORD200059,04/03/2023,C97603,Chair,811 Main St,Online,Shipped,TRK47055028,,Facebook,2373.08,4,593.27,5,2373.08,0,2023,3,March,2023-03
ORD200060,05/03/2023,C39256,Desk,634 Main St,Debit Card,Returned,TRK23412025,FREESHIP,Referral,417.1,1,417.1,3,417.1,0,2023,3,March,2023-03
ORD200061,06/03/2023,C61618,Desk,104 Main St,Cash,Delivered,TRK43458485,FREESHIP,Facebook,488.8,4,122.2,7,488.8,0,2023,3,March,2023-03
ORD200062,07/03/2023,C36497,Desk,691 Main St,Debit Card,Pending,TRK12102911,WINTER15,Email,86.3,2,43.15,3,86.3,0,2023,3,March,2023-03
ORD200063,08/03/2023,C96695,Chair,813 Main St,Debit Card,Shipped,TRK64283851,WINTER15,Referral,564.86,1,564.86,6,564.86,0,2023,3,March,2023-03
ORD200064,09/03/2023,C49720,Printer,752 Main St,Debit Card,Cancelled,TRK55785217,FREESHIP,Facebook,391.83,3,130.61,4,391.83,0,2023,3,March,2023-03
ORD200065,10/03/2023,C97735,Monitor,385 Main St,Credit Card,Delivered,TRK13743703,,Instagram,408.5,5,81.7,6,408.5,0,2023,3,March,2023-03
ORD200066,11/03/2023,C18104,Chair,715 Main St,Cash,Cancelled,TRK15488568,SAVE10,Referral,635.9,5,127.18,9,635.9,0,2023,3,March,2023-03
ORD200067,12/03/2023,C25587,Printer,440 Main St,Debit Card,Cancelled,TRK55105323,,Google,48.4,4,12.1,8,48.4,0,2023,3,March,2023-03
ORD200068,13/03/2023,C41598,Chair,709 Main St,Credit Card,Pending,TRK81665940,FREESHIP,Email,1472.76,3,490.92,5,1472.76,0,2023,3,March,2023-03
ORD200069,14/03/2023,C43338,Monitor,552 Main St,Online,Shipped,TRK35241775,,Referral,1435.95,3,478.65,4,1435.95,0,2023,3,March,2023-03
ORD200070,15/03/2023,C25123,Desk,384 Main St,Gift Card,Pending,TRK27812282,FREESHIP,Instagram,629.21,1,629.21,2,629.21,0,2023,3,March,2023-03
ORD200071,16/03/2023,C37454,Monitor,923 Main St,Credit Card,Pending,TRK28252730,,Referral,1303.35,3,434.45,4,1303.35,0,2023,3,March,2023-03
ORD200072,17/03/2023,C19451,Tablet,942 Main St,Gift Card,Returned,TRK87787793,,Facebook,2357.76,4,589.44,5,2357.76,0,2023,3,March,2023-03
ORD200073,18/03/2023,C17269,Monitor,129 Main St,Gift Card,Cancelled,TRK79608389,,Facebook,1733.8,4,433.45,4,1733.8,0,2023,3,March,2023-03
ORD200074,19/03/2023,C25382,Phone,622 Main St,Cash,Pending,TRK64691287,,Instagram,454.35,5,90.87,5,454.35,0,2023,3,March,2023-03
ORD200075,20/03/2023,C80651,Tablet,917 Main St,Debit Card,Delivered,TRK14846720,SAVE10,Email,1194.51,3,398.17,5,1194.51,0,2023,3,March,2023-03
ORD200076,21/03/2023,C58638,Laptop,239 Main St,Cash,Cancelled,TRK38224871,WINTER15,Email,1531.52,4,382.88,6,1531.52,0,2023,3,March,2023-03
ORD200077,22/03/2023,C50121,Phone,348 Main St,Credit Card,Returned,TRK79810059,,Google,583.18,1,583.18,5,583.18,0,2023,3,March,2023-03
ORD200078,23/03/2023,C32029,Printer,146 Main St,Debit Card,Delivered,TRK68535532,FREESHIP,Instagram,701.44,4,175.36,4,701.44,0,2023,3,March,2023-03
ORD200079,24/03/2023,C76700,Tablet,103 Main St,Online,Shipped,TRK13036341,,Facebook,623.82,2,311.91,2,623.82,0,2023,3,March,2023-03
ORD200080,25/03/2023,C29041,Phone,591 Main St,Online,Returned,TRK28840655,,Facebook,1768.68,3,589.56,6,1768.68,0,2023,3,March,2023-03
ORD200081,26/03/2023,C29314,Monitor,496 Main St,Cash,Shipped,TRK59876213,FREESHIP,Email,788.6,2,394.3,6,788.6,0,2023,3,March,2023-03
ORD200082,27/03/2023,C65799,Tablet,971 Main St,Debit Card,Shipped,TRK66906607,SAVE10,Google,2260.8,4,565.2,9,2260.8,0,2023,3,March,2023-03
ORD200083,28/03/2023,C15681,Laptop,989 Main St,Credit Card,Cancelled,TRK75112172,,Referral,2161.64,4,540.41,6,2161.64,0,2023,3,March,2023-03
ORD200084,29/03/2023,C64160,Monitor,967 Main St,Online,Shipped,TRK34121529,WINTER15,Instagram,330.98,2,165.49,4,330.98,0,2023,3,March,2023-03
ORD200085,30/03/2023,C14553,Tablet,768 Main St,Cash,Delivered,TRK93538334,FREESHIP,Email,440.19,3,146.73,8,440.19,0,2023,3,March,2023-03
ORD200086,31/03/2023,C88205,Printer,447 Main St,Online,Cancelled,TRK93504166,FREESHIP,Referral,3215.15,5,643.03,5,3215.15,0,2023,3,March,2023-03
ORD200087,01/04/2023,C91245,Tablet,915 Main St,Cash,Shipped,TRK46976391,SAVE10,Facebook,675.33,3,225.11,4,675.33,0,2023,4,April,2023-04
ORD200088,02/04/2023,C75439,Desk,318 Main St,Gift Card,Cancelled,TRK19831653,,Google,344.43,3,114.81,7,344.43,0,2023,4,April,2023-04
ORD200089,03/04/2023,C17181,Printer,291 Main St,Credit Card,Cancelled,TRK78912978,FREESHIP,Google,2276.65,5,455.33,8,2276.65,0,2023,4,April,2023-04
ORD200090,04/04/2023,C36540,Chair,611 Main St,Gift Card,Delivered,TRK35828122,SAVE10,Email,728.32,4,182.08,4,728.32,0,2023,4,April,2023-04
ORD200091,05/04/2023,C98216,Laptop,196 Main St,Cash,Shipped,TRK40986666,WINTER15,Referral,2463.75,5,492.75,6,2463.75,0,2023,4,April,2023-04
ORD200092,06/04/2023,C29568,Printer,203 Main St,Online,Shipped,TRK46531075,FREESHIP,Facebook,194.44,4,48.61,7,194.44,0,2023,4,April,2023-04
ORD200093,07/04/2023,C97262,Desk,837 Main St,Credit Card,Returned,TRK65990229,,Referral,1724.04,4,431.01,7,1724.04,0,2023,4,April,2023-04
ORD200094,08/04/2023,C79821,Chair,781 Main St,Gift Card,Returned,TRK12780193,WINTER15,Instagram,531.18,1,531.18,6,531.18,0,2023,4,April,2023-04
ORD200095,09/04/2023,C76761,Printer,839 Main St,Debit Card,Returned,TRK60179774,,Referral,470.04,4,117.51,7,470.04,0,2023,4,April,2023-04
ORD200096,10/04/2023,C93007,Phone,103 Main St,Gift Card,Delivered,TRK85696091,,Instagram,465.66,2,232.83,7,465.66,0,2023,4,April,2023-04
ORD200097,11/04/2023,C15624,Tablet,922 Main St,Debit Card,Pending,TRK40621141,,Email,3097.6,5,619.52,9,3097.6,0,2023,4,April,2023-04
ORD200098,12/04/2023,C70921,Printer,533 Main St,Debit Card,Pending,TRK54983109,,Email,457.08,2,228.54,3,457.08,0,2023,4,April,2023-04
ORD200099,13/04/2023,C30477,Printer,717 Main St,Debit Card,Cancelled,TRK51829648,WINTER15,Email,201.58,1,201.58,2,201.58,0,2023,4,April,2023-04
ORD200100,14/04/2023,C74866,Phone,743 Main St,Online,Delivered,TRK53783265,,Facebook,1994.37,3,664.79,6,1994.37,0,2023,4,April,2023-04
ORD200101,15/04/2023,C15283,Printer,152 Main St,Cash,Shipped,TRK19286291,,Google,381.02,1,381.02,6,381.02,0,2023,4,April,2023-04
ORD200102,16/04/2023,C18037,Laptop,944 Main St,Gift Card,Cancelled,TRK47362236,FREESHIP,Email,140.68,2,70.34,3,140.68,0,2023,4,April,2023-04
ORD200103,17/04/2023,C62656,Phone,514 Main St,Credit Card,Cancelled,TRK86296459,SAVE10,Email,873.72,4,218.43,9,873.72,0,2023,4,April,2023-04
ORD200104,18/04/2023,C65744,Phone,647 Main St,Gift Card,Delivered,TRK39906058,FREESHIP,Email,582.04,1,582.04,1,582.04,0,2023,4,April,2023-04
ORD200105,19/04/2023,C72290,Printer,810 Main St,Gift Card,Cancelled,TRK68792129,,Facebook,556.2,3,185.4,7,556.2,0,2023,4,April,2023-04
ORD200106,20/04/2023,C73514,Desk,126 Main St,Credit Card,Cancelled,TRK96777924,SAVE10,Email,1395.15,3,465.05,3,1395.15,0,2023,4,April,2023-04
ORD200107,21/04/2023,C16775,Printer,848 Main St,Gift Card,Shipped,TRK34392124,FREESHIP,Instagram,3353.75,5,670.75,8,3353.75,0,2023,4,April,2023-04
ORD200108,22/04/2023,C33099,Laptop,522 Main St,Gift Card,Delivered,TRK28522330,WINTER15,Email,241.9,5,48.38,9,241.9,0,2023,4,April,2023-04
ORD200109,23/04/2023,C51157,Desk,131 Main St,Gift Card,Shipped,TRK18674578,FREESHIP,Referral,1778.61,3,592.87,3,1778.61,0,2023,4,April,2023-04
ORD200110,24/04/2023,C74562,Tablet,388 Main St,Gift Card,Pending,TRK32062079,FREESHIP,Instagram,220.77,1,220.77,5,220.77,0,2023,4,April,2023-04
ORD200111,25/04/2023,C95271,Desk,620 Main St,Online,Cancelled,TRK74904969,FREESHIP,Google,927.66,3,309.22,7,927.66,0,2023,4,April,2023-04
ORD200112,26/04/2023,C81366,Monitor,423 Main St,Online,Cancelled,TRK17062206,WINTER15,Referral,410.6,1,410.6,2,410.6,0,2023,4,April,2023-04
ORD200113,27/04/2023,C65905,Laptop,605 Main St,Cash,Shipped,TRK73954365,FREESHIP,Instagram,950.4,5,190.08,9,950.4,0,2023,4,April,2023-04
ORD200114,28/04/2023,C77272,Monitor,115 Main St,Online,Pending,TRK29708128,SAVE10,Google,2492.4,5,498.48,8,2492.4,0,2023,4,April,2023-04
ORD200115,29/04/2023,C32580,Phone,122 Main St,Online,Shipped,TRK23670394,SAVE10,Facebook,1874.95,5,374.99,9,1874.95,0,2023,4,April,2023-04
ORD200116,30/04/2023,C47761,Printer,109 Main St,Credit Card,Cancelled,TRK66669207,WINTER15,Facebook,1165.4,4,291.35,6,1165.4,0,2023,4,April,2023-04
ORD200117,01/05/2023,C49187,Tablet,593 Main St,Gift Card,Cancelled,TRK81888598,WINTER15,Referral,535.5,1,535.5,5,535.5,0,2023,5,May,2023-05
ORD200118,02/05/2023,C27898,Printer,807 Main St,Gift Card,Shipped,TRK61957665,FREESHIP,Google,2513.55,5,502.71,7,2513.55,0,2023,5,May,2023-05
ORD200119,03/05/2023,C14683,Desk,187 Main St,Debit Card,Shipped,TRK47373682,FREESHIP,Referral,1069.34,2,534.67,7,1069.34,0,2023,5,May,2023-05
ORD200120,04/05/2023,C58108,Tablet,986 Main St,Cash,Cancelled,TRK66218053,WINTER15,Instagram,2517.36,4,629.34,4,2517.36,0,2023,5,May,2023-05
ORD200121,05/05/2023,C89822,Desk,673 Main St,Cash,Cancelled,TRK24138598,FREESHIP,Instagram,410.78,1,410.78,1,410.78,0,2023,5,May,2023-05
ORD200122,06/05/2023,C96787,Laptop,588 Main St,Gift Card,Shipped,TRK30422853,,Facebook,1066.04,2,533.02,2,1066.04,0,2023,5,May,2023-05
ORD200123,07/05/2023,C86064,Desk,727 Main St,Online,Delivered,TRK62182901,,Instagram,834.12,3,278.04,5,834.12,0,2023,5,May,2023-05
ORD200124,08/05/2023,C97148,Printer,563 Main St,Online,Pending,TRK85321126,,Google,1135.16,4,283.79,8,1135.16,0,2023,5,May,2023-05
ORD200125,09/05/2023,C91099,Phone,758 Main St,Credit Card,Shipped,TRK81846174,SAVE10,Email,1025.3,2,512.65,5,1025.3,0,2023,5,May,2023-05
ORD200126,10/05/2023,C55606,Desk,353 Main St,Gift Card,Shipped,TRK68250319,FREESHIP,Google,1102,4,275.5,8,1102,0,2023,5,May,2023-05
ORD200127,11/05/2023,C71486,Desk,365 Main St,Debit Card,Shipped,TRK73929833,,Google,1407.96,3,469.32,3,1407.96,0,2023,5,May,2023-05
ORD200128,12/05/2023,C86408,Tablet,244 Main St,Gift Card,Delivered,TRK41432648,FREESHIP,Google,84.28,4,21.07,4,84.28,0,2023,5,May,2023-05
ORD200129,13/05/2023,C52751,Laptop,427 Main St,Debit Card,Shipped,TRK72481234,FREESHIP,Facebook,1055.72,4,263.93,4,1055.72,0,2023,5,May,2023-05
ORD200130,14/05/2023,C29059,Desk,513 Main St,Online,Cancelled,TRK88360704,WINTER15,Facebook,1503.9,3,501.3,3,1503.9,0,2023,5,May,2023-05
ORD200131,15/05/2023,C72862,Tablet,606 Main St,Gift Card,Pending,TRK51648833,,Instagram,84.8,1,84.8,5,84.8,0,2023,5,May,2023-05
ORD200132,16/05/2023,C96257,Tablet,583 Main St,Credit Card,Shipped,TRK13137948,WINTER15,Email,1803,4,450.75,6,1803,0,2023,5,May,2023-05
ORD200133,17/05/2023,C87432,Chair,636 Main St,Debit Card,Cancelled,TRK68969625,SAVE10,Google,1208.2,4,302.05,6,1208.2,0,2023,5,May,2023-05
ORD200134,18/05/2023,C16253,Laptop,583 Main St,Cash,Pending,TRK17354894,,Email,399.4,2,199.7,4,399.4,0,2023,5,May,2023-05
ORD200135,19/05/2023,C79909,Printer,642 Main St,Gift Card,Shipped,TRK86742257,SAVE10,Referral,137.62,2,68.81,5,137.62,0,2023,5,May,2023-05
ORD200136,20/05/2023,C73370,Laptop,595 Main St,Gift Card,Cancelled,TRK67820278,SAVE10,Instagram,44.35,1,44.35,1,44.35,0,2023,5,May,2023-05
ORD200137,21/05/2023,C50682,Monitor,598 Main St,Credit Card,Delivered,TRK12242337,,Google,501.96,2,250.98,5,501.96,0,2023,5,May,2023-05
ORD200138,22/05/2023,C21905,Tablet,478 Main St,Debit Card,Pending,TRK31863841,WINTER15,Google,298.06,1,298.06,3,298.06,0,2023,5,May,2023-05
ORD200139,23/05/2023,C61440,Phone,714 Main St,Cash,Returned,TRK33114521,,Email,583.9,1,583.9,1,583.9,0,2023,5,May,2023-05
ORD200140,24/05/2023,C33110,Chair,388 Main St,Online,Delivered,TRK38624225,FREESHIP,Email,1584.42,3,528.14,3,1584.42,0,2023,5,May,2023-05
ORD200141,25/05/2023,C80004,Printer,151 Main St,Cash,Cancelled,TRK66230753,WINTER15,Instagram,2052.42,3,684.14,3,2052.42,0,2023,5,May,2023-05
ORD200142,26/05/2023,C86374,Desk,573 Main St,Cash,Pending,TRK79451491,WINTER15,Email,1363.85,5,272.77,7,1363.85,0,2023,5,May,2023-05
ORD200143,27/05/2023,C66521,Chair,933 Main St,Online,Shipped,TRK34654244,,Referral,1600.28,4,400.07,5,1600.28,0,2023,5,May,2023-05
ORD200144,28/05/2023,C63365,Desk,895 Main St,Credit Card,Pending,TRK80100887,,Facebook,1098.9,5,219.78,8,1098.9,0,2023,5,May,2023-05
ORD200145,29/05/2023,C85929,Printer,798 Main St,Credit Card,Delivered,TRK29318610,FREESHIP,Google,440.73,3,146.91,6,440.73,0,2023,5,May,2023-05
ORD200146,30/05/2023,C84645,Tablet,404 Main St,Credit Card,Returned,TRK68893369,,Instagram,822.98,2,411.49,4,822.98,0,2023,5,May,2023-05
ORD200147,31/05/2023,C46316,Laptop,893 Main St,Credit Card,Cancelled,TRK16196000,SAVE10,Google,930.36,2,465.18,2,930.36,0,2023,5,May,2023-05
ORD200148,01/06/2023,C35100,Phone,139 Main St,Credit Card,Cancelled,TRK56853491,WINTER15,Google,639.82,2,319.91,3,639.82,0,2023,6,June,2023-06
ORD200149,02/06/2023,C39671,Laptop,174 Main St,Debit Card,Delivered,TRK47153818,,Facebook,217.56,1,217.56,3,217.56,0,2023,6,June,2023-06
ORD200150,03/06/2023,C25503,Phone,981 Main St,Debit Card,Returned,TRK29878837,WINTER15,Google,211.14,2,105.57,5,211.14,0,2023,6,June,2023-06
ORD200151,04/06/2023,C32960,Printer,947 Main St,Debit Card,Returned,TRK91226500,,Email,2223.8,5,444.76,7,2223.8,0,2023,6,June,2023-06
ORD200152,05/06/2023,C77736,Chair,659 Main St,Cash,Cancelled,TRK90329250,FREESHIP,Referral,798.08,2,399.04,3,798.08,0,2023,6,June,2023-06
ORD200153,06/06/2023,C71570,Chair,437 Main St,Online,Returned,TRK95992269,WINTER15,Instagram,2137.92,4,534.48,9,2137.92,0,2023,6,June,2023-06
ORD200154,07/06/2023,C73587,Phone,727 Main St,Credit Card,Pending,TRK13955543,,Instagram,1632.84,4,408.21,9,1632.84,0,2023,6,June,2023-06
ORD200155,08/06/2023,C62740,Phone,446 Main St,Online,Shipped,TRK20706408,WINTER15,Referral,424.4,1,424.4,6,424.4,0,2023,6,June,2023-06
ORD200156,09/06/2023,C58808,Chair,651 Main St,Online,Delivered,TRK24451893,SAVE10,Email,539.66,2,269.83,4,539.66,0,2023,6,June,2023-06
ORD200157,10/06/2023,C50422,Monitor,636 Main St,Online,Returned,TRK71227815,WINTER15,Facebook,1129.16,2,564.58,4,1129.16,0,2023,6,June,2023-06
ORD200158,11/06/2023,C23334,Tablet,737 Main St,Credit Card,Pending,TRK46335144,WINTER15,Instagram,331.06,1,331.06,5,331.06,0,2023,6,June,2023-06
ORD200159,12/06/2023,C48965,Printer,819 Main St,Credit Card,Cancelled,TRK50921780,WINTER15,Email,299.35,1,299.35,5,299.35,0,2023,6,June,2023-06
ORD200160,13/06/2023,C38669,Monitor,240 Main St,Cash,Pending,TRK81738254,,Referral,405.28,4,101.32,7,405.28,0,2023,6,June,2023-06
ORD200161,14/06/2023,C35091,Monitor,513 Main St,Credit Card,Cancelled,TRK53784452,SAVE10,Facebook,211.14,1,211.14,1,211.14,0,2023,6,June,2023-06
ORD200162,15/06/2023,C82313,Chair,917 Main St,Online,Pending,TRK79854624,WINTER15,Google,197.58,3,65.86,8,197.58,0,2023,6,June,2023-06
ORD200163,16/06/2023,C99589,Tablet,277 Main St,Online,Cancelled,TRK16695001,,Referral,641.39,1,641.39,1,641.39,0,2023,6,June,2023-06
ORD200164,17/06/2023,C70566,Desk,667 Main St,Gift Card,Pending,TRK49673411,SAVE10,Google,2682.9,5,536.58,5,2682.9,0,2023,6,June,2023-06
ORD200165,18/06/2023,C60355,Monitor,226 Main St,Online,Returned,TRK30155194,WINTER15,Google,1000.58,2,500.29,7,1000.58,0,2023,6,June,2023-06
ORD200166,19/06/2023,C28889,Chair,565 Main St,Cash,Delivered,TRK23791726,WINTER15,Instagram,258.87,3,86.29,6,258.87,0,2023,6,June,2023-06
ORD200167,20/06/2023,C88304,Chair,219 Main St,Online,Returned,TRK44268941,WINTER15,Email,768.28,2,384.14,2,768.28,0,2023,6,June,2023-06
ORD200168,21/06/2023,C49517,Printer,878 Main St,Cash,Returned,TRK78551375,,Facebook,594.96,1,594.96,6,594.96,0,2023,6,June,2023-06
ORD200169,22/06/2023,C35785,Printer,732 Main St,Online,Delivered,TRK78923089,WINTER15,Email,427.82,1,427.82,2,427.82,0,2023,6,June,2023-06
ORD200170,23/06/2023,C80223,Desk,535 Main St,Cash,Cancelled,TRK68632951,SAVE10,Instagram,2651.76,4,662.94,8,2651.76,0,2023,6,June,2023-06
ORD200171,24/06/2023,C20448,Tablet,336 Main St,Credit Card,Delivered,TRK67379895,WINTER15,Instagram,296.44,2,148.22,7,296.44,0,2023,6,June,2023-06
ORD200172,25/06/2023,C34134,Printer,365 Main St,Online,Delivered,TRK43074303,WINTER15,Email,254.12,1,254.12,1,254.12,0,2023,6,June,2023-06
ORD200173,26/06/2023,C95901,Phone,806 Main St,Online,Delivered,TRK56989066,FREESHIP,Google,1993.38,3,664.46,4,1993.38,0,2023,6,June,2023-06
ORD200174,27/06/2023,C51145,Printer,790 Main St,Debit Card,Delivered,TRK59154274,SAVE10,Email,2403.24,4,600.81,9,2403.24,0,2023,6,June,2023-06
ORD200175,28/06/2023,C78170,Chair,332 Main St,Debit Card,Pending,TRK71410605,WINTER15,Referral,341.7,5,68.34,6,341.7,0,2023,6,June,2023-06
ORD200176,29/06/2023,C80151,Tablet,553 Main St,Gift Card,Pending,TRK88251529,WINTER15,Referral,1723.32,4,430.83,8,1723.32,0,2023,6,June,2023-06
ORD200177,30/06/2023,C55632,Chair,354 Main St,Credit Card,Pending,TRK13003066,,Facebook,2158.45,5,431.69,10,2158.45,0,2023,6,June,2023-06
ORD200178,01/07/2023,C53070,Chair,283 Main St,Online,Delivered,TRK49791755,SAVE10,Google,2048.24,4,512.06,5,2048.24,0,2023,7,July,2023-07
ORD200179,02/07/2023,C27401,Laptop,500 Main St,Credit Card,Delivered,TRK14332053,,Email,1619.73,3,539.91,8,1619.73,0,2023,7,July,2023-07
ORD200180,03/07/2023,C87216,Tablet,970 Main St,Cash,Returned,TRK18713727,,Google,1580.35,5,316.07,10,1580.35,0,2023,7,July,2023-07
ORD200181,04/07/2023,C38966,Printer,247 Main St,Online,Shipped,TRK17205146,,Referral,2021.95,5,404.39,10,2021.95,0,2023,7,July,2023-07
ORD200182,05/07/2023,C16612,Desk,596 Main St,Debit Card,Pending,TRK96188223,WINTER15,Google,600.54,1,600.54,4,600.54,0,2023,7,July,2023-07
ORD200183,06/07/2023,C39246,Monitor,258 Main St,Debit Card,Delivered,TRK16658182,SAVE10,Email,931.4,5,186.28,8,931.4,0,2023,7,July,2023-07
ORD200184,07/07/2023,C65180,Tablet,231 Main St,Gift Card,Cancelled,TRK39255469,,Referral,858.16,4,214.54,7,858.16,0,2023,7,July,2023-07
ORD200185,08/07/2023,C46877,Laptop,572 Main St,Online,Shipped,TRK96935978,WINTER15,Referral,210.7,1,210.7,2,210.7,0,2023,7,July,2023-07
ORD200186,09/07/2023,C30334,Phone,322 Main St,Cash,Pending,TRK66388885,FREESHIP,Facebook,267.1,2,133.55,7,267.1,0,2023,7,July,2023-07
ORD200187,10/07/2023,C21227,Chair,689 Main St,Gift Card,Returned,TRK79129657,FREESHIP,Referral,590.87,1,590.87,6,590.87,0,2023,7,July,2023-07
ORD200188,11/07/2023,C97715,Chair,927 Main St,Gift Card,Shipped,TRK19515949,FREESHIP,Referral,727.82,2,363.91,2,727.82,0,2023,7,July,2023-07
ORD200189,12/07/2023,C48939,Printer,597 Main St,Gift Card,Cancelled,TRK62786764,WINTER15,Email,2147.25,5,429.45,5,2147.25,0,2023,7,July,2023-07
ORD200190,13/07/2023,C35483,Printer,725 Main St,Cash,Returned,TRK79638203,SAVE10,Email,671.1,3,223.7,3,671.1,0,2023,7,July,2023-07
ORD200191,14/07/2023,C51494,Laptop,505 Main St,Online,Cancelled,TRK58520306,FREESHIP,Google,977.74,2,488.87,4,977.74,0,2023,7,July,2023-07
ORD200192,15/07/2023,C58410,Desk,151 Main St,Gift Card,Cancelled,TRK19749672,SAVE10,Google,645.46,1,645.46,5,645.46,0,2023,7,July,2023-07
ORD200193,16/07/2023,C11644,Printer,429 Main St,Cash,Cancelled,TRK81320339,,Google,46.66,1,46.66,6,46.66,0,2023,7,July,2023-07
ORD200194,17/07/2023,C53501,Monitor,899 Main St,Cash,Shipped,TRK90144892,FREESHIP,Google,249.57,1,249.57,3,249.57,0,2023,7,July,2023-07
ORD200195,18/07/2023,C63619,Chair,801 Main St,Debit Card,Cancelled,TRK65385674,,Email,1857.63,3,619.21,6,1857.63,0,2023,7,July,2023-07
ORD200196,19/07/2023,C40882,Desk,719 Main St,Cash,Delivered,TRK64165503,WINTER15,Email,868.52,4,217.13,8,868.52,0,2023,7,July,2023-07
ORD200197,20/07/2023,C80135,Laptop,723 Main St,Cash,Returned,TRK95222269,WINTER15,Referral,1107.55,5,221.51,5,1107.55,0,2023,7,July,2023-07
ORD200198,21/07/2023,C37594,Laptop,926 Main St,Cash,Cancelled,TRK94405162,SAVE10,Referral,1361.2,4,340.3,8,1361.2,0,2023,7,July,2023-07
ORD200199,22/07/2023,C87524,Phone,358 Main St,Online,Returned,TRK21114341,WINTER15,Google,625,1,625,5,625,0,2023,7,July,2023-07
ORD200200,23/07/2023,C97681,Tablet,895 Main St,Credit Card,Delivered,TRK37531040,SAVE10,Google,2166.3,5,433.26,9,2166.3,0,2023,7,July,2023-07
ORD200201,24/07/2023,C10126,Monitor,146 Main St,Online,Shipped,TRK75607531,SAVE10,Facebook,1349.8,2,674.9,4,1349.8,0,2023,7,July,2023-07
ORD200202,25/07/2023,C36938,Monitor,636 Main St,Credit Card,Cancelled,TRK52522904,FREESHIP,Email,761.94,3,253.98,3,761.94,0,2023,7,July,2023-07
ORD200203,26/07/2023,C99173,Printer,172 Main St,Online,Shipped,TRK89849342,SAVE10,Instagram,1070.52,3,356.84,5,1070.52,0,2023,7,July,2023-07
ORD200204,27/07/2023,C99775,Laptop,478 Main St,Gift Card,Cancelled,TRK21638425,FREESHIP,Facebook,1654.84,4,413.71,9,1654.84,0,2023,7,July,2023-07
ORD200205,28/07/2023,C19266,Desk,609 Main St,Debit Card,Returned,TRK58357269,,Email,442.17,3,147.39,3,442.17,0,2023,7,July,2023-07
ORD200206,29/07/2023,C31072,Laptop,729 Main St,Gift Card,Returned,TRK77172975,WINTER15,Email,916.4,4,229.1,8,916.4,0,2023,7,July,2023-07
ORD200207,30/07/2023,C54595,Phone,999 Main St,Debit Card,Delivered,TRK44416659,,Google,121.96,1,121.96,3,121.96,0,2023,7,July,2023-07
ORD200208,31/07/2023,C87777,Desk,597 Main St,Online,Shipped,TRK29003608,FREESHIP,Facebook,816.64,2,408.32,3,816.64,0,2023,7,July,2023-07
ORD200209,01/08/2023,C35854,Tablet,706 Main St,Cash,Returned,TRK30615168,SAVE10,Google,939.85,5,187.97,9,939.85,0,2023,8,August,2023-08
ORD200210,02/08/2023,C93821,Chair,513 Main St,Gift Card,Delivered,TRK10658539,FREESHIP,Facebook,1075.44,3,358.48,7,1075.44,0,2023,8,August,2023-08
ORD200211,03/08/2023,C54390,Printer,185 Main St,Gift Card,Pending,TRK83853742,FREESHIP,Email,580.74,3,193.58,7,580.74,0,2023,8,August,2023-08
ORD200212,04/08/2023,C53215,Monitor,367 Main St,Credit Card,Cancelled,TRK34751835,WINTER15,Email,265.38,1,265.38,6,265.38,0,2023,8,August,2023-08
ORD200213,05/08/2023,C71122,Laptop,317 Main St,Cash,Cancelled,TRK54757882,SAVE10,Email,634.4,1,634.4,6,634.4,0,2023,8,August,2023-08
ORD200214,06/08/2023,C29483,Desk,673 Main St,Online,Delivered,TRK89423603,,Facebook,1222.88,4,305.72,5,1222.88,0,2023,8,August,2023-08
ORD200215,07/08/2023,C26767,Printer,432 Main St,Cash,Shipped,TRK24585307,FREESHIP,Facebook,303.6,1,303.6,5,303.6,0,2023,8,August,2023-08
ORD200216,08/08/2023,C70492,Monitor,811 Main St,Online,Cancelled,TRK84625405,WINTER15,Google,1984,4,496,8,1984,0,2023,8,August,2023-08
ORD200217,09/08/2023,C61549,Desk,908 Main St,Cash,Returned,TRK65596914,,Google,1286.04,4,321.51,9,1286.04,0,2023,8,August,2023-08
ORD200218,10/08/2023,C11665,Tablet,882 Main St,Gift Card,Shipped,TRK10993930,SAVE10,Instagram,337.38,3,112.46,6,337.38,0,2023,8,August,2023-08
ORD200219,11/08/2023,C48946,Laptop,457 Main St,Cash,Delivered,TRK99387220,SAVE10,Email,309.85,5,61.97,6,309.85,0,2023,8,August,2023-08
ORD200220,12/08/2023,C79506,Laptop,497 Main St,Credit Card,Pending,TRK95188748,SAVE10,Referral,746.34,2,373.17,6,746.34,0,2023,8,August,2023-08
ORD200221,13/08/2023,C93473,Tablet,552 Main St,Debit Card,Pending,TRK50003989,SAVE10,Google,3196.85,5,639.37,6,3196.85,0,2023,8,August,2023-08
ORD200222,14/08/2023,C43124,Chair,931 Main St,Online,Shipped,TRK17293348,,Instagram,2773.44,4,693.36,8,2773.44,0,2023,8,August,2023-08
ORD200223,15/08/2023,C22783,Phone,673 Main St,Credit Card,Pending,TRK55009149,SAVE10,Instagram,2771.64,4,692.91,9,2771.64,0,2023,8,August,2023-08
ORD200224,16/08/2023,C18567,Printer,507 Main St,Cash,Cancelled,TRK17554673,SAVE10,Referral,365.84,4,91.46,9,365.84,0,2023,8,August,2023-08
ORD200225,17/08/2023,C99879,Phone,692 Main St,Debit Card,Returned,TRK50246700,SAVE10,Google,821.88,3,273.96,8,821.88,0,2023,8,August,2023-08
ORD200226,18/08/2023,C31501,Desk,242 Main St,Gift Card,Delivered,TRK93063929,,Instagram,1764.15,3,588.05,8,1764.15,0,2023,8,August,2023-08
ORD200227,19/08/2023,C93220,Monitor,353 Main St,Online,Cancelled,TRK89023251,FREESHIP,Facebook,730.34,2,365.17,4,730.34,0,2023,8,August,2023-08
ORD200228,20/08/2023,C57867,Chair,579 Main St,Credit Card,Cancelled,TRK92055007,,Instagram,1543.68,4,385.92,8,1543.68,0,2023,8,August,2023-08
ORD200229,21/08/2023,C62622,Tablet,762 Main St,Credit Card,Delivered,TRK70997648,WINTER15,Facebook,562.61,1,562.61,3,562.61,0,2023,8,August,2023-08
ORD200230,22/08/2023,C94595,Desk,948 Main St,Gift Card,Delivered,TRK24497305,WINTER15,Email,247.64,4,61.91,6,247.64,0,2023,8,August,2023-08
ORD200231,23/08/2023,C30955,Phone,327 Main St,Gift Card,Pending,TRK46898848,FREESHIP,Instagram,167.6,4,41.9,9,167.6,0,2023,8,August,2023-08
ORD200232,24/08/2023,C20731,Printer,610 Main St,Debit Card,Cancelled,TRK75568437,WINTER15,Google,1777.76,4,444.44,8,1777.76,0,2023,8,August,2023-08
ORD200233,25/08/2023,C30168,Phone,146 Main St,Cash,Cancelled,TRK73699939,WINTER15,Instagram,933.99,3,311.33,3,933.99,0,2023,8,August,2023-08
ORD200234,26/08/2023,C79842,Printer,337 Main St,Debit Card,Pending,TRK26957950,SAVE10,Google,945.64,4,236.41,7,945.64,0,2023,8,August,2023-08
ORD200235,27/08/2023,C32854,Desk,815 Main St,Cash,Pending,TRK30009218,WINTER15,Google,65.45,1,65.45,2,65.45,0,2023,8,August,2023-08
ORD200236,28/08/2023,C14847,Monitor,562 Main St,Debit Card,Pending,TRK39663243,WINTER15,Email,318.81,1,318.81,3,318.81,0,2023,8,August,2023-08
ORD200237,29/08/2023,C88645,Monitor,783 Main St,Credit Card,Shipped,TRK74097570,FREESHIP,Facebook,1751.16,3,583.72,5,1751.16,0,2023,8,August,2023-08
ORD200238,30/08/2023,C66149,Desk,770 Main St,Credit Card,Pending,TRK76307307,WINTER15,Google,1537.28,4,384.32,6,1537.28,0,2023,8,August,2023-08
ORD200239,31/08/2023,C20256,Tablet,456 Main St,Online,Shipped,TRK71127943,FREESHIP,Email,1616.22,3,538.74,6,1616.22,0,2023,8,August,2023-08
ORD200240,01/09/2023,C14983,Tablet,255 Main St,Online,Pending,TRK93444157,FREESHIP,Instagram,17.24,1,17.24,2,17.24,0,2023,9,September,2023-09
ORD200241,02/09/2023,C20817,Chair,407 Main St,Online,Pending,TRK44164590,SAVE10,Email,3078.35,5,615.67,6,3078.35,0,2023,9,September,2023-09
ORD200242,03/09/2023,C94921,Printer,134 Main St,Online,Pending,TRK97794327,SAVE10,Referral,438.2,2,219.1,4,438.2,0,2023,9,September,2023-09
ORD200243,04/09/2023,C54725,Chair,506 Main St,Online,Cancelled,TRK30601940,FREESHIP,Google,289.32,2,144.66,7,289.32,0,2023,9,September,2023-09
ORD200244,05/09/2023,C98096,Desk,838 Main St,Debit Card,Cancelled,TRK51518631,WINTER15,Facebook,635.54,2,317.77,4,635.54,0,2023,9,September,2023-09
ORD200245,06/09/2023,C12667,Laptop,306 Main St,Online,Returned,TRK25390491,,Facebook,223.3,1,223.3,1,223.3,0,2023,9,September,2023-09
ORD200246,07/09/2023,C55354,Desk,164 Main St,Gift Card,Shipped,TRK15439493,WINTER15,Instagram,684.22,2,342.11,2,684.22,0,2023,9,September,2023-09
ORD200247,08/09/2023,C14600,Printer,785 Main St,Gift Card,Shipped,TRK84984764,,Email,441.8,2,220.9,4,441.8,0,2023,9,September,2023-09
ORD200248,09/09/2023,C97187,Laptop,471 Main St,Cash,Shipped,TRK62283713,FREESHIP,Referral,670.54,1,670.54,6,670.54,0,2023,9,September,2023-09
ORD200249,10/09/2023,C39106,Printer,245 Main St,Cash,Pending,TRK35464433,FREESHIP,Referral,546.19,1,546.19,5,546.19,0,2023,9,September,2023-09
ORD200250,11/09/2023,C93379,Desk,318 Main St,Gift Card,Returned,TRK67954150,SAVE10,Email,128.85,3,42.95,8,128.85,0,2023,9,September,2023-09
ORD200251,12/09/2023,C93175,Monitor,814 Main St,Cash,Cancelled,TRK32995144,,Email,58.76,4,14.69,9,58.76,0,2023,9,September,2023-09
ORD200252,13/09/2023,C19648,Phone,821 Main St,Gift Card,Cancelled,TRK51297879,FREESHIP,Facebook,2673.44,4,668.36,5,2673.44,0,2023,9,September,2023-09
ORD200253,14/09/2023,C14891,Chair,743 Main St,Gift Card,Returned,TRK79471534,FREESHIP,Instagram,1654.96,4,413.74,7,1654.96,0,2023,9,September,2023-09
ORD200254,15/09/2023,C10866,Monitor,770 Main St,Online,Delivered,TRK34809583,,Instagram,789.57,3,263.19,5,789.57,0,2023,9,September,2023-09
ORD200255,16/09/2023,C47283,Monitor,806 Main St,Gift Card,Returned,TRK56235117,SAVE10,Google,263.96,1,263.96,2,263.96,0,2023,9,September,2023-09
ORD200256,17/09/2023,C94323,Chair,463 Main St,Gift Card,Returned,TRK22663277,WINTER15,Instagram,379.05,5,75.81,10,379.05,0,2023,9,September,2023-09
ORD200257,18/09/2023,C89732,Phone,712 Main St,Credit Card,Cancelled,TRK41059233,SAVE10,Referral,406.22,1,406.22,5,406.22,0,2023,9,September,2023-09
ORD200258,19/09/2023,C87764,Tablet,294 Main St,Online,Shipped,TRK94082469,FREESHIP,Referral,206.82,2,103.41,2,206.82,0,2023,9,September,2023-09
ORD200259,20/09/2023,C20977,Chair,636 Main St,Credit Card,Delivered,TRK54991561,SAVE10,Instagram,1740.48,4,435.12,9,1740.48,0,2023,9,September,2023-09
ORD200260,21/09/2023,C12245,Monitor,153 Main St,Debit Card,Shipped,TRK22000463,,Google,815.58,2,407.79,3,815.58,0,2023,9,September,2023-09
ORD200261,22/09/2023,C68976,Phone,460 Main St,Gift Card,Delivered,TRK25491356,SAVE10,Email,868.25,5,173.65,9,868.25,0,2023,9,September,2023-09
ORD200262,23/09/2023,C69476,Phone,642 Main St,Credit Card,Returned,TRK65869386,WINTER15,Referral,996.28,4,249.07,5,996.28,0,2023,9,September,2023-09
ORD200263,24/09/2023,C71040,Phone,250 Main St,Credit Card,Pending,TRK41397604,WINTER15,Google,1739.4,4,434.85,4,1739.4,0,2023,9,September,2023-09
ORD200264,25/09/2023,C71035,Tablet,977 Main St,Cash,Returned,TRK19599578,FREESHIP,Google,436.77,1,436.77,5,436.77,0,2023,9,September,2023-09
ORD200265,26/09/2023,C20752,Printer,150 Main St,Debit Card,Cancelled,TRK22298450,SAVE10,Google,572.13,1,572.13,4,572.13,0,2023,9,September,2023-09
ORD200266,27/09/2023,C38840,Chair,589 Main St,Credit Card,Cancelled,TRK48484633,FREESHIP,Referral,2332.28,4,583.07,6,2332.28,0,2023,9,September,2023-09
ORD200267,28/09/2023,C84480,Chair,803 Main St,Debit Card,Delivered,TRK62361867,,Facebook,2342.55,5,468.51,9,2342.55,0,2023,9,September,2023-09
ORD200268,29/09/2023,C37032,Phone,655 Main St,Debit Card,Delivered,TRK48639226,SAVE10,Referral,847.76,2,423.88,7,847.76,0,2023,9,September,2023-09
ORD200269,30/09/2023,C48942,Tablet,129 Main St,Credit Card,Pending,TRK29355120,FREESHIP,Google,2654.68,4,663.67,7,2654.68,0,2023,9,September,2023-09
ORD200270,01/10/2023,C13540,Printer,127 Main St,Debit Card,Shipped,TRK81087373,WINTER15,Google,1239.64,4,309.91,5,1239.64,0,2023,10,October,2023-10
ORD200271,02/10/2023,C59572,Monitor,791 Main St,Cash,Shipped,TRK16792991,WINTER15,Referral,542.07,1,542.07,6,542.07,0,2023,10,October,2023-10
ORD200272,03/10/2023,C29758,Chair,119 Main St,Online,Pending,TRK12990043,WINTER15,Instagram,798.64,2,399.32,6,798.64,0,2023,10,October,2023-10
ORD200273,04/10/2023,C11849,Tablet,974 Main St,Online,Cancelled,TRK91195261,FREESHIP,Email,476.5,2,238.25,7,476.5,0,2023,10,October,2023-10
ORD200274,05/10/2023,C50967,Phone,884 Main St,Gift Card,Cancelled,TRK65300814,SAVE10,Referral,364.8,2,182.4,5,364.8,0,2023,10,October,2023-10
ORD200275,06/10/2023,C80735,Chair,360 Main St,Credit Card,Cancelled,TRK99880231,SAVE10,Google,130.14,2,65.07,4,130.14,0,2023,10,October,2023-10
ORD200276,07/10/2023,C99050,Printer,654 Main St,Debit Card,Returned,TRK56927089,WINTER15,Instagram,1201.14,2,600.57,3,1201.14,0,2023,10,October,2023-10
ORD200277,08/10/2023,C11210,Chair,910 Main St,Credit Card,Delivered,TRK44929965,SAVE10,Facebook,454.6,5,90.92,9,454.6,0,2023,10,October,2023-10
ORD200278,09/10/2023,C46015,Laptop,299 Main St,Cash,Delivered,TRK46598430,FREESHIP,Instagram,1812.3,5,362.46,6,1812.3,0,2023,10,October,2023-10
ORD200279,10/10/2023,C69167,Chair,263 Main St,Online,Pending,TRK12425655,WINTER15,Email,165.03,3,55.01,7,165.03,0,2023,10,October,2023-10
ORD200280,11/10/2023,C55388,Tablet,740 Main St,Gift Card,Delivered,TRK75741001,FREESHIP,Instagram,1213.86,3,404.62,6,1213.86,0,2023,10,October,2023-10
ORD200281,12/10/2023,C87181,Desk,195 Main St,Cash,Pending,TRK60093390,,Referral,2619.16,4,654.79,9,2619.16,0,2023,10,October,2023-10
ORD200282,13/10/2023,C30411,Printer,375 Main St,Gift Card,Cancelled,TRK71810536,FREESHIP,Google,2551.16,4,637.79,9,2551.16,0,2023,10,October,2023-10
ORD200283,14/10/2023,C39638,Laptop,990 Main St,Cash,Shipped,TRK69745608,,Google,2161.32,4,540.33,6,2161.32,0,2023,10,October,2023-10
ORD200284,15/10/2023,C27203,Laptop,516 Main St,Credit Card,Returned,TRK22023906,SAVE10,Facebook,1040.85,5,208.17,6,1040.85,0,2023,10,October,2023-10
ORD200285,16/10/2023,C67583,Phone,974 Main St,Online,Delivered,TRK93281700,,Google,338.31,1,338.31,3,338.31,0,2023,10,October,2023-10
ORD200286,17/10/2023,C70554,Monitor,187 Main St,Gift Card,Returned,TRK61086952,WINTER15,Google,418.35,3,139.45,8,418.35,0,2023,10,October,2023-10
ORD200287,18/10/2023,C70437,Chair,630 Main St,Online,Shipped,TRK26628830,,Facebook,2620.72,4,655.18,5,2620.72,0,2023,10,October,2023-10
ORD200288,19/10/2023,C97643,Laptop,537 Main St,Debit Card,Returned,TRK60831391,WINTER15,Google,2051,4,512.75,8,2051,0,2023,10,October,2023-10
ORD200289,20/10/2023,C17136,Chair,333 Main St,Credit Card,Shipped,TRK55362541,WINTER15,Referral,641.96,4,160.49,8,641.96,0,2023,10,October,2023-10
ORD200290,21/10/2023,C24901,Chair,258 Main St,Cash,Delivered,TRK14029489,FREESHIP,Facebook,299.7,3,99.9,8,299.7,0,2023,10,October,2023-10
ORD200291,22/10/2023,C61521,Phone,670 Main St,Credit Card,Delivered,TRK93676567,FREESHIP,Google,690.02,2,345.01,6,690.02,0,2023,10,October,2023-10
ORD200292,23/10/2023,C39639,Monitor,185 Main St,Credit Card,Delivered,TRK31042152,,Facebook,65.95,1,65.95,5,65.95,0,2023,10,October,2023-10
ORD200293,24/10/2023,C33220,Tablet,564 Main St,Gift Card,Returned,TRK40450219,,Instagram,1852.16,4,463.04,9,1852.16,0,2023,10,October,2023-10
ORD200294,25/10/2023,C65414,Phone,208 Main St,Online,Shipped,TRK67562517,SAVE10,Referral,595.42,2,297.71,7,595.42,0,2023,10,October,2023-10
ORD200295,26/10/2023,C49009,Printer,278 Main St,Debit Card,Cancelled,TRK46285799,FREESHIP,Email,537.4,5,107.48,9,537.4,0,2023,10,October,2023-10
ORD200296,27/10/2023,C48453,Desk,434 Main St,Debit Card,Cancelled,TRK52110494,WINTER15,Referral,3194,5,638.8,10,3194,0,2023,10,October,2023-10
ORD200297,28/10/2023,C68078,Desk,252 Main St,Credit Card,Returned,TRK64862812,SAVE10,Instagram,987.76,2,493.88,7,987.76,0,2023,10,October,2023-10
ORD200298,29/10/2023,C19402,Printer,267 Main St,Online,Cancelled,TRK97825212,,Email,1204.68,4,301.17,6,1204.68,0,2023,10,October,2023-10
ORD200299,30/10/2023,C30711,Monitor,856 Main St,Gift Card,Cancelled,TRK42696593,FREESHIP,Instagram,278.66,1,278.66,2,278.66,0,2023,10,October,2023-10
ORD200300,31/10/2023,C39000,Phone,894 Main St,Debit Card,Returned,TRK33753945,FREESHIP,Facebook,287.46,1,287.46,3,287.46,0,2023,10,October,2023-10
ORD200301,01/11/2023,C31105,Chair,726 Main St,Cash,Cancelled,TRK40149095,SAVE10,Email,583.99,1,583.99,2,583.99,0,2023,11,November,2023-11
ORD200302,02/11/2023,C29432,Chair,121 Main St,Cash,Pending,TRK44142517,FREESHIP,Instagram,1406.22,3,468.74,4,1406.22,0,2023,11,November,2023-11
ORD200303,03/11/2023,C48531,Tablet,368 Main St,Debit Card,Returned,TRK95462192,,Google,30.54,1,30.54,1,30.54,0,2023,11,November,2023-11
ORD200304,04/11/2023,C86762,Monitor,326 Main St,Gift Card,Delivered,TRK75686292,FREESHIP,Instagram,2043.65,5,408.73,10,2043.65,0,2023,11,November,2023-11
ORD200305,05/11/2023,C63822,Laptop,235 Main St,Cash,Pending,TRK59353216,FREESHIP,Instagram,507.56,4,126.89,9,507.56,0,2023,11,November,2023-11
ORD200306,06/11/2023,C70495,Printer,238 Main St,Debit Card,Returned,TRK65511225,SAVE10,Instagram,114.14,2,57.07,3,114.14,0,2023,11,November,2023-11
ORD200307,07/11/2023,C92407,Laptop,135 Main St,Online,Delivered,TRK11755610,,Email,1672.23,3,557.41,4,1672.23,0,2023,11,November,2023-11
ORD200308,08/11/2023,C75888,Printer,790 Main St,Debit Card,Returned,TRK98467398,SAVE10,Instagram,1346.7,3,448.9,7,1346.7,0,2023,11,November,2023-11
ORD200309,09/11/2023,C63153,Chair,625 Main St,Debit Card,Delivered,TRK38033305,FREESHIP,Facebook,2199.04,4,549.76,4,2199.04,0,2023,11,November,2023-11
ORD200310,10/11/2023,C85863,Printer,968 Main St,Online,Shipped,TRK16094218,,Referral,397.44,3,132.48,4,397.44,0,2023,11,November,2023-11
ORD200311,11/11/2023,C71698,Desk,274 Main St,Online,Returned,TRK34786818,,Instagram,2446.85,5,489.37,8,2446.85,0,2023,11,November,2023-11
ORD200312,12/11/2023,C35397,Printer,579 Main St,Gift Card,Pending,TRK64742535,FREESHIP,Referral,331.55,5,66.31,7,331.55,0,2023,11,November,2023-11
ORD200313,13/11/2023,C67687,Chair,978 Main St,Cash,Delivered,TRK22838735,SAVE10,Instagram,868.6,2,434.3,7,868.6,0,2023,11,November,2023-11
ORD200314,14/11/2023,C29931,Desk,540 Main St,Online,Delivered,TRK48712417,FREESHIP,Referral,612.36,4,153.09,4,612.36,0,2023,11,November,2023-11
ORD200315,15/11/2023,C59139,Tablet,301 Main St,Online,Cancelled,TRK45507090,FREESHIP,Email,458.35,5,91.67,9,458.35,0,2023,11,November,2023-11
ORD200316,16/11/2023,C66078,Desk,101 Main St,Gift Card,Shipped,TRK86474559,WINTER15,Facebook,1101.12,4,275.28,9,1101.12,0,2023,11,November,2023-11
ORD200317,17/11/2023,C88370,Monitor,339 Main St,Online,Returned,TRK22575151,,Instagram,279.9,2,139.95,5,279.9,0,2023,11,November,2023-11
ORD200318,18/11/2023,C93375,Chair,317 Main St,Debit Card,Cancelled,TRK95706967,SAVE10,Google,446.16,3,148.72,7,446.16,0,2023,11,November,2023-11
ORD200319,19/11/2023,C53049,Laptop,413 Main St,Cash,Returned,TRK48974907,,Instagram,1126.12,2,563.06,6,1126.12,0,2023,11,November,2023-11
ORD200320,20/11/2023,C55590,Printer,772 Main St,Credit Card,Shipped,TRK48792951,FREESHIP,Facebook,625.51,1,625.51,1,625.51,0,2023,11,November,2023-11
ORD200321,21/11/2023,C47086,Phone,135 Main St,Debit Card,Cancelled,TRK44194358,WINTER15,Google,609.16,4,152.29,6,609.16,0,2023,11,November,2023-11
ORD200322,22/11/2023,C48646,Phone,339 Main St,Debit Card,Delivered,TRK18233748,SAVE10,Facebook,1159.1,5,231.82,6,1159.1,0,2023,11,November,2023-11
ORD200323,23/11/2023,C29416,Laptop,414 Main St,Debit Card,Returned,TRK63820842,SAVE10,Referral,150.17,1,150.17,1,150.17,0,2023,11,November,2023-11
ORD200324,24/11/2023,C13525,Tablet,847 Main St,Debit Card,Returned,TRK70193221,,Referral,212.79,3,70.93,5,212.79,0,2023,11,November,2023-11
ORD200325,25/11/2023,C53545,Desk,665 Main St,Credit Card,Shipped,TRK61123177,,Referral,1084.17,3,361.39,8,1084.17,0,2023,11,November,2023-11
ORD200326,26/11/2023,C65986,Laptop,273 Main St,Gift Card,Returned,TRK98353867,SAVE10,Facebook,3352.4,5,670.48,5,3352.4,0,2023,11,November,2023-11
ORD200327,27/11/2023,C17302,Phone,385 Main St,Gift Card,Cancelled,TRK43940016,SAVE10,Email,359.99,1,359.99,5,359.99,0,2023,11,November,2023-11
ORD200328,28/11/2023,C18404,Tablet,546 Main St,Online,Cancelled,TRK89401624,SAVE10,Google,3370.2,5,674.04,7,3370.2,0,2023,11,November,2023-11
ORD200329,29/11/2023,C88371,Chair,306 Main St,Credit Card,Shipped,TRK63224811,,Google,1132.64,4,283.16,6,1132.64,0,2023,11,November,2023-11
ORD200330,30/11/2023,C38068,Desk,532 Main St,Gift Card,Pending,TRK54059198,SAVE10,Instagram,1302.65,5,260.53,5,1302.65,0,2023,11,November,2023-11
ORD200331,01/12/2023,C78724,Printer,187 Main St,Online,Delivered,TRK25703134,SAVE10,Facebook,1266.39,3,422.13,7,1266.39,0,2023,12,December,2023-12
ORD200332,02/12/2023,C26163,Desk,607 Main St,Debit Card,Pending,TRK67499316,SAVE10,Google,625.1,5,125.02,9,625.1,0,2023,12,December,2023-12
ORD200333,03/12/2023,C87124,Phone,818 Main St,Credit Card,Returned,TRK52086740,WINTER15,Instagram,198.51,1,198.51,5,198.51,0,2023,12,December,2023-12
ORD200334,04/12/2023,C90348,Chair,728 Main St,Online,Delivered,TRK20635777,WINTER15,Facebook,899,4,224.75,7,899,0,2023,12,December,2023-12
ORD200335,05/12/2023,C58721,Tablet,978 Main St,Gift Card,Shipped,TRK34801199,,Email,617.58,3,205.86,4,617.58,0,2023,12,December,2023-12
ORD200336,06/12/2023,C88174,Laptop,441 Main St,Debit Card,Pending,TRK10143345,SAVE10,Instagram,18.2,1,18.2,4,18.2,0,2023,12,December,2023-12
ORD200337,07/12/2023,C77763,Tablet,599 Main St,Debit Card,Returned,TRK66980447,WINTER15,Email,1508.31,3,502.77,8,1508.31,0,2023,12,December,2023-12
ORD200338,08/12/2023,C53627,Phone,704 Main St,Debit Card,Shipped,TRK64112352,,Referral,1527.45,5,305.49,10,1527.45,0,2023,12,December,2023-12
ORD200339,09/12/2023,C84563,Printer,398 Main St,Online,Pending,TRK62422797,SAVE10,Instagram,472.66,2,236.33,3,472.66,0,2023,12,December,2023-12
ORD200340,10/12/2023,C76207,Laptop,826 Main St,Cash,Cancelled,TRK25569378,,Email,2606.25,5,521.25,8,2606.25,0,2023,12,December,2023-12
ORD200341,11/12/2023,C94671,Tablet,293 Main St,Gift Card,Shipped,TRK61357272,WINTER15,Email,167.15,1,167.15,5,167.15,0,2023,12,December,2023-12
ORD200342,12/12/2023,C69994,Monitor,619 Main St,Gift Card,Returned,TRK95935805,,Referral,2332.1,5,466.42,5,2332.1,0,2023,12,December,2023-12
ORD200343,13/12/2023,C64638,Printer,919 Main St,Debit Card,Pending,TRK64087938,FREESHIP,Facebook,527.57,1,527.57,3,527.57,0,2023,12,December,2023-12
ORD200344,14/12/2023,C95623,Tablet,248 Main St,Online,Cancelled,TRK67558189,SAVE10,Instagram,1870.02,3,623.34,3,1870.02,0,2023,12,December,2023-12
ORD200345,15/12/2023,C24751,Tablet,259 Main St,Gift Card,Shipped,TRK37285406,FREESHIP,Referral,2506.3,5,501.26,10,2506.3,0,2023,12,December,2023-12
ORD200346,16/12/2023,C31764,Tablet,876 Main St,Cash,Pending,TRK44680433,,Referral,655.09,1,655.09,6,655.09,0,2023,12,December,2023-12
ORD200347,17/12/2023,C83556,Printer,380 Main St,Credit Card,Pending,TRK21109187,SAVE10,Google,1059.16,4,264.79,5,1059.16,0,2023,12,December,2023-12
ORD200348,18/12/2023,C24369,Laptop,885 Main St,Debit Card,Returned,TRK72633998,FREESHIP,Email,1079.19,3,359.73,7,1079.19,0,2023,12,December,2023-12
ORD200349,19/12/2023,C39648,Chair,824 Main St,Gift Card,Delivered,TRK56016905,FREESHIP,Google,465.33,1,465.33,2,465.33,0,2023,12,December,2023-12
ORD200350,20/12/2023,C13296,Chair,495 Main St,Online,Shipped,TRK60127216,,Instagram,108.82,2,54.41,6,108.82,0,2023,12,December,2023-12
ORD200351,21/12/2023,C94248,Laptop,494 Main St,Debit Card,Delivered,TRK89406816,,Instagram,64.66,1,64.66,4,64.66,0,2023,12,December,2023-12
ORD200352,22/12/2023,C26637,Chair,995 Main St,Debit Card,Pending,TRK59546992,WINTER15,Instagram,869.8,5,173.96,8,869.8,0,2023,12,December,2023-12
ORD200353,23/12/2023,C16012,Tablet,171 Main St,Online,Delivered,TRK15195225,FREESHIP,Google,630.82,1,630.82,5,630.82,0,2023,12,December,2023-12
ORD200354,24/12/2023,C31772,Phone,992 Main St,Debit Card,Shipped,TRK11970357,,Instagram,693.41,1,693.41,4,693.41,0,2023,12,December,2023-12
ORD200355,25/12/2023,C18353,Tablet,677 Main St,Credit Card,Cancelled,TRK78766533,FREESHIP,Referral,1299.99,3,433.33,4,1299.99,0,2023,12,December,2023-12
ORD200356,26/12/2023,C26966,Printer,907 Main St,Gift Card,Cancelled,TRK83889574,FREESHIP,Instagram,1872.9,5,374.58,10,1872.9,0,2023,12,December,2023-12
ORD200357,27/12/2023,C74982,Laptop,398 Main St,Debit Card,Delivered,TRK98700702,FREESHIP,Instagram,2042.8,5,408.56,8,2042.8,0,2023,12,December,2023-12
ORD200358,28/12/2023,C70633,Tablet,747 Main St,Online,Cancelled,TRK82540521,SAVE10,Google,367.34,2,183.67,3,367.34,0,2023,12,December,2023-12
ORD200359,29/12/2023,C95643,Desk,303 Main St,Debit Card,Delivered,TRK23286689,WINTER15,Referral,2426.28,4,606.57,5,2426.28,0,2023,12,December,2023-12
ORD200360,30/12/2023,C53810,Phone,779 Main St,Cash,Pending,TRK34630612,,Instagram,2358.28,4,589.57,8,2358.28,0,2023,12,December,2023-12
ORD200361,31/12/2023,C53464,Printer,197 Main St,Credit Card,Delivered,TRK32743531,SAVE10,Facebook,3299.25,5,659.85,9,3299.25,0,2023,12,December,2023-12
ORD200362,01/01/2024,C53697,Monitor,312 Main St,Cash,Cancelled,TRK60476656,WINTER15,Instagram,827.36,4,206.84,5,827.36,0,2024,1,January,2024-01
ORD200363,02/01/2024,C31668,Laptop,871 Main St,Credit Card,Pending,TRK42584392,SAVE10,Email,569.35,5,113.87,6,569.35,0,2024,1,January,2024-01
ORD200364,03/01/2024,C85282,Phone,740 Main St,Cash,Cancelled,TRK86767206,FREESHIP,Facebook,3143.7,5,628.74,9,3143.7,0,2024,1,January,2024-01
ORD200365,04/01/2024,C56796,Phone,607 Main St,Credit Card,Cancelled,TRK74263180,SAVE10,Referral,678.38,1,678.38,4,678.38,0,2024,1,January,2024-01
ORD200366,05/01/2024,C95213,Printer,603 Main St,Debit Card,Pending,TRK40630538,,Referral,1806.72,3,602.24,8,1806.72,0,2024,1,January,2024-01
ORD200367,06/01/2024,C13108,Laptop,712 Main St,Gift Card,Pending,TRK82284400,FREESHIP,Instagram,3293.85,5,658.77,10,3293.85,0,2024,1,January,2024-01
ORD200368,07/01/2024,C85322,Monitor,403 Main St,Credit Card,Cancelled,TRK89728869,,Google,813.06,3,271.02,6,813.06,0,2024,1,January,2024-01
ORD200369,08/01/2024,C43545,Monitor,216 Main St,Gift Card,Pending,TRK73937402,SAVE10,Email,1876.25,5,375.25,9,1876.25,0,2024,1,January,2024-01
ORD200370,09/01/2024,C80649,Phone,870 Main St,Online,Cancelled,TRK41143313,WINTER15,Facebook,312.11,1,312.11,4,312.11,0,2024,1,January,2024-01
ORD200371,10/01/2024,C59752,Phone,179 Main St,Gift Card,Pending,TRK82229639,FREESHIP,Google,1538.8,5,307.76,9,1538.8,0,2024,1,January,2024-01
ORD200372,11/01/2024,C53645,Chair,166 Main St,Cash,Returned,TRK12123939,,Referral,1450.59,3,483.53,4,1450.59,0,2024,1,January,2024-01
ORD200373,12/01/2024,C60178,Laptop,969 Main St,Cash,Pending,TRK84505143,FREESHIP,Instagram,1023.45,3,341.15,4,1023.45,0,2024,1,January,2024-01
ORD200374,13/01/2024,C20286,Monitor,129 Main St,Gift Card,Pending,TRK67648338,WINTER15,Instagram,571.9,1,571.9,1,571.9,0,2024,1,January,2024-01
ORD200375,14/01/2024,C87547,Monitor,400 Main St,Online,Shipped,TRK71027262,FREESHIP,Facebook,380.12,4,95.03,8,380.12,0,2024,1,January,2024-01
ORD200376,15/01/2024,C64549,Monitor,341 Main St,Debit Card,Pending,TRK20788231,FREESHIP,Facebook,1006.1,5,201.22,6,1006.1,0,2024,1,January,2024-01
ORD200377,16/01/2024,C24884,Monitor,625 Main St,Online,Pending,TRK44538419,WINTER15,Instagram,260.26,1,260.26,5,260.26,0,2024,1,January,2024-01
ORD200378,17/01/2024,C62666,Chair,148 Main St,Credit Card,Pending,TRK91029390,WINTER15,Instagram,322.5,5,64.5,8,322.5,0,2024,1,January,2024-01
ORD200379,18/01/2024,C47284,Phone,500 Main St,Online,Shipped,TRK85756094,,Google,893.01,3,297.67,6,893.01,0,2024,1,January,2024-01
ORD200380,19/01/2024,C35355,Printer,127 Main St,Cash,Pending,TRK52935059,SAVE10,Instagram,1327.6,4,331.9,5,1327.6,0,2024,1,January,2024-01
ORD200381,20/01/2024,C29467,Chair,223 Main St,Credit Card,Returned,TRK98103385,FREESHIP,Instagram,191.76,1,191.76,1,191.76,0,2024,1,January,2024-01
ORD200382,21/01/2024,C26718,Printer,272 Main St,Debit Card,Shipped,TRK91702525,SAVE10,Google,1052.36,4,263.09,8,1052.36,0,2024,1,January,2024-01
ORD200383,22/01/2024,C18944,Chair,837 Main St,Credit Card,Pending,TRK45275439,SAVE10,Email,1575.2,4,393.8,7,1575.2,0,2024,1,January,2024-01
ORD200384,23/01/2024,C35628,Chair,147 Main St,Credit Card,Returned,TRK45688220,FREESHIP,Facebook,1660.71,3,553.57,4,1660.71,0,2024,1,January,2024-01
ORD200385,24/01/2024,C56851,Chair,752 Main St,Gift Card,Delivered,TRK65290904,FREESHIP,Facebook,958.15,5,191.63,6,958.15,0,2024,1,January,2024-01
ORD200386,25/01/2024,C12421,Tablet,373 Main St,Online,Returned,TRK32588504,,Email,93.02,1,93.02,4,93.02,0,2024,1,January,2024-01
ORD200387,26/01/2024,C25316,Printer,904 Main St,Credit Card,Shipped,TRK55423551,WINTER15,Google,79.06,2,39.53,3,79.06,0,2024,1,January,2024-01
ORD200388,27/01/2024,C22657,Printer,152 Main St,Cash,Pending,TRK49157047,WINTER15,Facebook,1901.91,3,633.97,7,1901.91,0,2024,1,January,2024-01
ORD200389,28/01/2024,C29703,Desk,558 Main St,Cash,Shipped,TRK40543461,FREESHIP,Referral,2790,4,697.5,7,2790,0,2024,1,January,2024-01
ORD200390,29/01/2024,C55996,Printer,885 Main St,Cash,Delivered,TRK30547638,FREESHIP,Google,2543.45,5,508.69,10,2543.45,0,2024,1,January,2024-01
ORD200391,30/01/2024,C60037,Laptop,516 Main St,Debit Card,Cancelled,TRK82009557,FREESHIP,Referral,1054.92,2,527.46,3,1054.92,0,2024,1,January,2024-01
ORD200392,31/01/2024,C95100,Phone,197 Main St,Online,Delivered,TRK47366265,WINTER15,Email,627.2,1,627.2,1,627.2,0,2024,1,January,2024-01
ORD200393,01/02/2024,C39906,Printer,921 Main St,Credit Card,Returned,TRK24632134,,Google,75.01,1,75.01,3,75.01,0,2024,2,February,2024-02
ORD200394,02/02/2024,C70148,Desk,359 Main St,Gift Card,Shipped,TRK34848650,,Facebook,2647.75,5,529.55,10,2647.75,0,2024,2,February,2024-02
ORD200395,03/02/2024,C30010,Phone,830 Main St,Gift Card,Delivered,TRK35386084,SAVE10,Referral,382.23,3,127.41,7,382.23,0,2024,2,February,2024-02
ORD200396,04/02/2024,C99217,Tablet,778 Main St,Online,Shipped,TRK82004594,SAVE10,Email,1435.65,5,287.13,10,1435.65,0,2024,2,February,2024-02
ORD200397,05/02/2024,C30184,Monitor,987 Main St,Online,Cancelled,TRK86674704,WINTER15,Referral,427.06,1,427.06,1,427.06,0,2024,2,February,2024-02
ORD200398,06/02/2024,C50275,Phone,729 Main St,Gift Card,Shipped,TRK98925264,SAVE10,Instagram,269.65,5,53.93,7,269.65,0,2024,2,February,2024-02
ORD200399,07/02/2024,C64641,Tablet,319 Main St,Debit Card,Returned,TRK32012588,FREESHIP,Facebook,2119.65,5,423.93,5,2119.65,0,2024,2,February,2024-02
ORD200400,08/02/2024,C56266,Desk,304 Main St,Debit Card,Returned,TRK60088901,WINTER15,Instagram,640.88,4,160.22,9,640.88,0,2024,2,February,2024-02
ORD200401,09/02/2024,C98635,Printer,197 Main St,Debit Card,Returned,TRK14225465,,Referral,538.68,1,538.68,6,538.68,0,2024,2,February,2024-02
ORD200402,10/02/2024,C83026,Printer,858 Main St,Gift Card,Shipped,TRK79746259,,Referral,1686.9,5,337.38,5,1686.9,0,2024,2,February,2024-02
ORD200403,11/02/2024,C28893,Tablet,740 Main St,Online,Returned,TRK98333066,FREESHIP,Referral,620.21,1,620.21,1,620.21,0,2024,2,February,2024-02
ORD200404,12/02/2024,C45482,Monitor,440 Main St,Cash,Delivered,TRK54571699,,Instagram,198.2,2,99.1,6,198.2,0,2024,2,February,2024-02
ORD200405,13/02/2024,C97774,Monitor,603 Main St,Online,Cancelled,TRK64664424,WINTER15,Email,1807.88,4,451.97,7,1807.88,0,2024,2,February,2024-02
ORD200406,14/02/2024,C11657,Tablet,572 Main St,Cash,Returned,TRK50284486,WINTER15,Google,264.4,4,66.1,9,264.4,0,2024,2,February,2024-02
ORD200407,15/02/2024,C85993,Tablet,250 Main St,Cash,Returned,TRK72547640,FREESHIP,Instagram,2189.28,4,547.32,8,2189.28,0,2024,2,February,2024-02
ORD200408,16/02/2024,C11906,Printer,536 Main St,Online,Pending,TRK31140158,WINTER15,Google,1237.59,3,412.53,6,1237.59,0,2024,2,February,2024-02
ORD200409,17/02/2024,C45187,Desk,767 Main St,Online,Delivered,TRK12320793,SAVE10,Google,420.65,5,84.13,9,420.65,0,2024,2,February,2024-02
ORD200410,18/02/2024,C37375,Tablet,184 Main St,Debit Card,Shipped,TRK52470162,,Email,1036.46,2,518.23,5,1036.46,0,2024,2,February,2024-02
ORD200411,19/02/2024,C66567,Desk,981 Main St,Online,Shipped,TRK21174822,,Facebook,79.02,2,39.51,5,79.02,0,2024,2,February,2024-02
ORD200412,20/02/2024,C42451,Tablet,246 Main St,Credit Card,Returned,TRK31313343,,Facebook,665.05,5,133.01,10,665.05,0,2024,2,February,2024-02
ORD200413,21/02/2024,C13923,Tablet,123 Main St,Online,Delivered,TRK87598790,SAVE10,Email,118.8,1,118.8,6,118.8,0,2024,2,February,2024-02
ORD200414,22/02/2024,C11829,Desk,797 Main St,Cash,Delivered,TRK84229257,WINTER15,Facebook,279.14,2,139.57,4,279.14,0,2024,2,February,2024-02
ORD200415,23/02/2024,C62169,Chair,655 Main St,Gift Card,Shipped,TRK64558985,FREESHIP,Facebook,184.15,1,184.15,5,184.15,0,2024,2,February,2024-02
ORD200416,24/02/2024,C20881,Laptop,652 Main St,Gift Card,Cancelled,TRK26263902,WINTER15,Referral,1288.1,2,644.05,5,1288.1,0,2024,2,February,2024-02
ORD200417,25/02/2024,C44492,Laptop,954 Main St,Online,Cancelled,TRK51429869,,Google,277.05,5,55.41,5,277.05,0,2024,2,February,2024-02
ORD200418,26/02/2024,C74169,Printer,862 Main St,Online,Cancelled,TRK66144809,,Facebook,310.93,1,310.93,3,310.93,0,2024,2,February,2024-02
ORD200419,27/02/2024,C70999,Tablet,885 Main St,Debit Card,Pending,TRK75644156,FREESHIP,Instagram,433.32,2,216.66,6,433.32,0,2024,2,February,2024-02
ORD200420,28/02/2024,C11921,Phone,439 Main St,Debit Card,Shipped,TRK91362635,FREESHIP,Instagram,452.7,1,452.7,5,452.7,0,2024,2,February,2024-02
ORD200421,29/02/2024,C50683,Chair,769 Main St,Debit Card,Cancelled,TRK53032122,,Email,576.42,2,288.21,5,576.42,0,2024,2,February,2024-02
ORD200422,01/03/2024,C76140,Phone,914 Main St,Gift Card,Returned,TRK25861469,WINTER15,Referral,826.4,4,206.6,6,826.4,0,2024,3,March,2024-03
ORD200423,02/03/2024,C94311,Printer,195 Main St,Gift Card,Cancelled,TRK97308771,WINTER15,Google,2740.8,4,685.2,6,2740.8,0,2024,3,March,2024-03
ORD200424,03/03/2024,C49491,Chair,339 Main St,Cash,Pending,TRK64012257,,Email,114.7,5,22.94,10,114.7,0,2024,3,March,2024-03
ORD200425,04/03/2024,C40648,Laptop,488 Main St,Gift Card,Returned,TRK25325993,WINTER15,Email,603.76,2,301.88,5,603.76,0,2024,3,March,2024-03
ORD200426,05/03/2024,C40967,Monitor,315 Main St,Cash,Cancelled,TRK24839296,,Facebook,287.25,5,57.45,10,287.25,0,2024,3,March,2024-03
ORD200427,06/03/2024,C25406,Desk,379 Main St,Credit Card,Pending,TRK70952564,WINTER15,Instagram,161.24,1,161.24,3,161.24,0,2024,3,March,2024-03
ORD200428,07/03/2024,C77085,Chair,895 Main St,Online,Cancelled,TRK57227640,WINTER15,Email,1050.32,4,262.58,8,1050.32,0,2024,3,March,2024-03
ORD200429,08/03/2024,C38126,Printer,522 Main St,Credit Card,Pending,TRK90838498,SAVE10,Facebook,2060.76,4,515.19,9,2060.76,0,2024,3,March,2024-03
ORD200430,09/03/2024,C87448,Phone,433 Main St,Gift Card,Shipped,TRK44134016,FREESHIP,Google,450.07,1,450.07,6,450.07,0,2024,3,March,2024-03
ORD200431,10/03/2024,C62312,Printer,651 Main St,Debit Card,Cancelled,TRK59623037,WINTER15,Facebook,52.54,1,52.54,6,52.54,0,2024,3,March,2024-03
ORD200432,11/03/2024,C58443,Tablet,662 Main St,Credit Card,Returned,TRK77163738,,Referral,848.64,2,424.32,6,848.64,0,2024,3,March,2024-03
ORD200433,12/03/2024,C36613,Monitor,785 Main St,Credit Card,Returned,TRK13282106,FREESHIP,Facebook,1894.92,3,631.64,3,1894.92,0,2024,3,March,2024-03
ORD200434,13/03/2024,C73893,Printer,384 Main St,Credit Card,Returned,TRK85939879,,Facebook,1638.4,5,327.68,6,1638.4,0,2024,3,March,2024-03
ORD200435,14/03/2024,C48601,Printer,101 Main St,Debit Card,Returned,TRK97868309,FREESHIP,Instagram,414.47,1,414.47,3,414.47,0,2024,3,March,2024-03
ORD200436,15/03/2024,C14568,Laptop,651 Main St,Online,Pending,TRK73545796,,Google,885.32,4,221.33,5,885.32,0,2024,3,March,2024-03
ORD200437,16/03/2024,C63378,Phone,955 Main St,Online,Delivered,TRK20863705,FREESHIP,Instagram,512.39,1,512.39,2,512.39,0,2024,3,March,2024-03
ORD200438,17/03/2024,C77800,Tablet,436 Main St,Gift Card,Pending,TRK27439574,SAVE10,Instagram,1378.02,3,459.34,3,1378.02,0,2024,3,March,2024-03
ORD200439,18/03/2024,C91155,Tablet,321 Main St,Online,Shipped,TRK36260319,WINTER15,Facebook,146.32,1,146.32,4,146.32,0,2024,3,March,2024-03
ORD200440,19/03/2024,C60215,Desk,978 Main St,Debit Card,Pending,TRK31727767,SAVE10,Facebook,334.4,4,83.6,4,334.4,0,2024,3,March,2024-03
ORD200441,20/03/2024,C52915,Printer,475 Main St,Gift Card,Returned,TRK79466982,FREESHIP,Email,657.08,2,328.54,6,657.08,0,2024,3,March,2024-03
ORD200442,21/03/2024,C72588,Chair,661 Main St,Cash,Pending,TRK43410829,SAVE10,Instagram,1574.7,5,314.94,8,1574.7,0,2024,3,March,2024-03
ORD200443,22/03/2024,C61668,Chair,813 Main St,Cash,Returned,TRK58970302,,Facebook,139.28,2,69.64,6,139.28,0,2024,3,March,2024-03
ORD200444,23/03/2024,C79508,Printer,585 Main St,Online,Shipped,TRK61882353,FREESHIP,Instagram,135.17,1,135.17,6,135.17,0,2024,3,March,2024-03
ORD200445,24/03/2024,C94569,Phone,227 Main St,Cash,Delivered,TRK31351770,SAVE10,Referral,487.21,1,487.21,3,487.21,0,2024,3,March,2024-03
ORD200446,25/03/2024,C89592,Laptop,262 Main St,Online,Delivered,TRK49442402,FREESHIP,Instagram,2547.9,5,509.58,6,2547.9,0,2024,3,March,2024-03
ORD200447,26/03/2024,C48207,Printer,356 Main St,Cash,Returned,TRK45355655,,Facebook,833.62,2,416.81,2,833.62,0,2024,3,March,2024-03
ORD200448,27/03/2024,C16776,Laptop,854 Main St,Cash,Pending,TRK12860600,SAVE10,Instagram,320,2,160,4,320,0,2024,3,March,2024-03
ORD200449,28/03/2024,C91518,Tablet,286 Main St,Online,Pending,TRK48688724,,Instagram,759.15,3,253.05,3,759.15,0,2024,3,March,2024-03
ORD200450,29/03/2024,C36408,Monitor,160 Main St,Gift Card,Returned,TRK94023253,WINTER15,Instagram,3075.5,5,615.1,10,3075.5,0,2024,3,March,2024-03
ORD200451,30/03/2024,C14837,Monitor,647 Main St,Debit Card,Cancelled,TRK17501136,SAVE10,Email,183.18,1,183.18,6,183.18,0,2024,3,March,2024-03
ORD200452,31/03/2024,C36467,Printer,581 Main St,Cash,Pending,TRK20863987,SAVE10,Google,75.78,1,75.78,5,75.78,0,2024,3,March,2024-03
ORD200453,01/04/2024,C15017,Tablet,492 Main St,Cash,Shipped,TRK51241924,WINTER15,Facebook,675.57,1,675.57,1,675.57,0,2024,4,April,2024-04
ORD200454,02/04/2024,C54759,Laptop,686 Main St,Debit Card,Cancelled,TRK75583042,FREESHIP,Google,109.29,1,109.29,5,109.29,0,2024,4,April,2024-04
ORD200455,03/04/2024,C58341,Phone,874 Main St,Debit Card,Pending,TRK32856728,SAVE10,Referral,639.83,1,639.83,2,639.83,0,2024,4,April,2024-04
ORD200456,04/04/2024,C94479,Desk,259 Main St,Credit Card,Shipped,TRK69089975,SAVE10,Facebook,314.05,5,62.81,9,314.05,0,2024,4,April,2024-04
ORD200457,05/04/2024,C50236,Desk,545 Main St,Online,Returned,TRK67692578,WINTER15,Instagram,2463.32,4,615.83,4,2463.32,0,2024,4,April,2024-04
ORD200458,06/04/2024,C31412,Monitor,196 Main St,Credit Card,Returned,TRK61946127,WINTER15,Email,2042.32,4,510.58,7,2042.32,0,2024,4,April,2024-04
ORD200459,07/04/2024,C90142,Desk,433 Main St,Credit Card,Returned,TRK39717191,,Instagram,334.39,1,334.39,2,334.39,0,2024,4,April,2024-04
ORD200460,08/04/2024,C83548,Laptop,474 Main St,Cash,Returned,TRK93822942,WINTER15,Referral,144.25,1,144.25,2,144.25,0,2024,4,April,2024-04
ORD200461,09/04/2024,C29697,Tablet,407 Main St,Credit Card,Shipped,TRK47776482,FREESHIP,Google,401.82,1,401.82,5,401.82,0,2024,4,April,2024-04
ORD200462,10/04/2024,C22991,Phone,731 Main St,Online,Cancelled,TRK32796086,,Referral,252.68,1,252.68,1,252.68,0,2024,4,April,2024-04
ORD200463,11/04/2024,C25276,Laptop,214 Main St,Debit Card,Shipped,TRK14011732,SAVE10,Instagram,3313.9,5,662.78,9,3313.9,0,2024,4,April,2024-04
ORD200464,12/04/2024,C39176,Tablet,739 Main St,Online,Cancelled,TRK71418686,FREESHIP,Google,1737.68,4,434.42,6,1737.68,0,2024,4,April,2024-04
ORD200465,13/04/2024,C58773,Printer,391 Main St,Gift Card,Cancelled,TRK65438300,,Google,2567.45,5,513.49,8,2567.45,0,2024,4,April,2024-04
ORD200466,14/04/2024,C37412,Phone,895 Main St,Cash,Delivered,TRK97829604,FREESHIP,Referral,432.47,1,432.47,4,432.47,0,2024,4,April,2024-04
ORD200467,15/04/2024,C36492,Desk,572 Main St,Cash,Cancelled,TRK44350440,WINTER15,Email,45.94,1,45.94,2,45.94,0,2024,4,April,2024-04
ORD200468,16/04/2024,C90110,Phone,998 Main St,Credit Card,Delivered,TRK60203957,FREESHIP,Email,418.36,1,418.36,5,418.36,0,2024,4,April,2024-04
ORD200469,17/04/2024,C13877,Chair,893 Main St,Cash,Cancelled,TRK17254691,,Facebook,3384.9,5,676.98,5,3384.9,0,2024,4,April,2024-04
ORD200470,18/04/2024,C25149,Tablet,672 Main St,Cash,Shipped,TRK33538608,SAVE10,Email,1054.48,4,263.62,5,1054.48,0,2024,4,April,2024-04
ORD200471,19/04/2024,C52717,Desk,395 Main St,Online,Cancelled,TRK27625571,FREESHIP,Referral,2756.35,5,551.27,7,2756.35,0,2024,4,April,2024-04
ORD200472,20/04/2024,C60029,Chair,796 Main St,Credit Card,Cancelled,TRK86461316,FREESHIP,Referral,1524.36,3,508.12,8,1524.36,0,2024,4,April,2024-04
ORD200473,21/04/2024,C28552,Chair,449 Main St,Online,Shipped,TRK71597160,,Facebook,29.86,2,14.93,4,29.86,0,2024,4,April,2024-04
ORD200474,22/04/2024,C72293,Printer,398 Main St,Credit Card,Shipped,TRK84378003,SAVE10,Referral,688.02,3,229.34,6,688.02,0,2024,4,April,2024-04
ORD200475,23/04/2024,C29844,Tablet,363 Main St,Cash,Cancelled,TRK91642337,SAVE10,Facebook,877.24,2,438.62,3,877.24,0,2024,4,April,2024-04
ORD200476,24/04/2024,C77872,Phone,867 Main St,Online,Returned,TRK19292184,FREESHIP,Referral,1027.18,2,513.59,4,1027.18,0,2024,4,April,2024-04
ORD200477,25/04/2024,C56564,Phone,481 Main St,Online,Shipped,TRK13166044,SAVE10,Google,507.48,2,253.74,5,507.48,0,2024,4,April,2024-04
ORD200478,26/04/2024,C16758,Tablet,914 Main St,Gift Card,Shipped,TRK88544431,FREESHIP,Referral,188.31,3,62.77,6,188.31,0,2024,4,April,2024-04
ORD200479,27/04/2024,C87011,Monitor,943 Main St,Credit Card,Pending,TRK21429162,,Google,101.16,4,25.29,8,101.16,0,2024,4,April,2024-04
ORD200480,28/04/2024,C21147,Chair,126 Main St,Debit Card,Pending,TRK93171043,FREESHIP,Referral,335.1,1,335.1,6,335.1,0,2024,4,April,2024-04
ORD200481,29/04/2024,C94568,Laptop,317 Main St,Debit Card,Delivered,TRK58653915,WINTER15,Referral,1939.4,4,484.85,5,1939.4,0,2024,4,April,2024-04
ORD200482,30/04/2024,C35852,Monitor,989 Main St,Online,Pending,TRK22302049,,Instagram,1144.23,3,381.41,6,1144.23,0,2024,4,April,2024-04
ORD200483,01/05/2024,C66462,Phone,982 Main St,Cash,Pending,TRK52743700,WINTER15,Google,1739.6,5,347.92,6,1739.6,0,2024,5,May,2024-05
ORD200484,02/05/2024,C29092,Chair,767 Main St,Cash,Cancelled,TRK90455340,,Facebook,60.04,4,15.01,6,60.04,0,2024,5,May,2024-05
ORD200485,03/05/2024,C46651,Chair,764 Main St,Cash,Shipped,TRK67679195,SAVE10,Instagram,1214.37,3,404.79,6,1214.37,0,2024,5,May,2024-05
ORD200486,04/05/2024,C88981,Printer,558 Main St,Cash,Shipped,TRK75267873,SAVE10,Referral,2445.04,4,611.26,5,2445.04,0,2024,5,May,2024-05
ORD200487,05/05/2024,C40136,Printer,211 Main St,Credit Card,Pending,TRK92924852,SAVE10,Google,1039.56,3,346.52,3,1039.56,0,2024,5,May,2024-05
ORD200488,06/05/2024,C81573,Chair,556 Main St,Online,Cancelled,TRK96522994,WINTER15,Email,36.65,1,36.65,1,36.65,0,2024,5,May,2024-05
ORD200489,07/05/2024,C11940,Tablet,589 Main St,Gift Card,Cancelled,TRK85466461,WINTER15,Email,448.02,3,149.34,7,448.02,0,2024,5,May,2024-05
ORD200490,08/05/2024,C50097,Chair,539 Main St,Online,Cancelled,TRK62785150,,Facebook,2339.05,5,467.81,10,2339.05,0,2024,5,May,2024-05
ORD200491,09/05/2024,C98168,Phone,481 Main St,Cash,Pending,TRK56423359,WINTER15,Facebook,2103.5,5,420.7,5,2103.5,0,2024,5,May,2024-05
ORD200492,10/05/2024,C39074,Laptop,103 Main St,Debit Card,Shipped,TRK13027036,SAVE10,Instagram,3032.6,5,606.52,6,3032.6,0,2024,5,May,2024-05
ORD200493,11/05/2024,C84908,Phone,372 Main St,Credit Card,Pending,TRK64135970,FREESHIP,Facebook,420.26,1,420.26,4,420.26,0,2024,5,May,2024-05
ORD200494,12/05/2024,C64516,Laptop,459 Main St,Debit Card,Pending,TRK63920573,FREESHIP,Referral,1517.37,3,505.79,3,1517.37,0,2024,5,May,2024-05
ORD200495,13/05/2024,C63827,Phone,947 Main St,Debit Card,Pending,TRK35730581,SAVE10,Facebook,1974.92,4,493.73,6,1974.92,0,2024,5,May,2024-05
ORD200496,14/05/2024,C93618,Printer,249 Main St,Online,Cancelled,TRK66129326,SAVE10,Google,603.63,3,201.21,3,603.63,0,2024,5,May,2024-05
ORD200497,15/05/2024,C93948,Printer,454 Main St,Gift Card,Shipped,TRK77358113,,Google,336.87,3,112.29,6,336.87,0,2024,5,May,2024-05
ORD200498,16/05/2024,C73961,Tablet,306 Main St,Cash,Returned,TRK32607173,WINTER15,Instagram,530.24,4,132.56,8,530.24,0,2024,5,May,2024-05
ORD200499,17/05/2024,C18138,Printer,520 Main St,Credit Card,Shipped,TRK20289483,SAVE10,Facebook,1618.38,3,539.46,4,1618.38,0,2024,5,May,2024-05
ORD200500,18/05/2024,C79475,Laptop,169 Main St,Cash,Returned,TRK42168516,WINTER15,Facebook,2542.95,5,508.59,8,2542.95,0,2024,5,May,2024-05
ORD200501,19/05/2024,C88546,Desk,226 Main St,Credit Card,Pending,TRK19867754,SAVE10,Referral,813.84,4,203.46,7,813.84,0,2024,5,May,2024-05
ORD200502,20/05/2024,C69332,Monitor,745 Main St,Debit Card,Returned,TRK65718848,SAVE10,Email,1695.75,3,565.25,7,1695.75,0,2024,5,May,2024-05
ORD200503,21/05/2024,C64554,Tablet,498 Main St,Online,Pending,TRK95384568,FREESHIP,Facebook,410.52,3,136.84,4,410.52,0,2024,5,May,2024-05
ORD200504,22/05/2024,C11676,Monitor,805 Main St,Online,Cancelled,TRK35726395,WINTER15,Instagram,929,2,464.5,2,929,0,2024,5,May,2024-05
ORD200505,23/05/2024,C36014,Printer,558 Main St,Online,Shipped,TRK97246526,,Email,869.94,2,434.97,7,869.94,0,2024,5,May,2024-05
ORD200506,24/05/2024,C23279,Monitor,696 Main St,Cash,Returned,TRK58039693,WINTER15,Instagram,87.34,2,43.67,4,87.34,0,2024,5,May,2024-05
ORD200507,25/05/2024,C86481,Phone,546 Main St,Credit Card,Pending,TRK87513944,WINTER15,Email,171.59,1,171.59,5,171.59,0,2024,5,May,2024-05
ORD200508,26/05/2024,C39550,Phone,976 Main St,Online,Delivered,TRK24120267,,Referral,558.27,1,558.27,1,558.27,0,2024,5,May,2024-05
ORD200509,27/05/2024,C68937,Laptop,560 Main St,Cash,Returned,TRK31908657,WINTER15,Google,850.06,2,425.03,2,850.06,0,2024,5,May,2024-05
ORD200510,28/05/2024,C72533,Printer,389 Main St,Debit Card,Delivered,TRK51288986,SAVE10,Email,376.76,1,376.76,5,376.76,0,2024,5,May,2024-05
ORD200511,29/05/2024,C11415,Monitor,267 Main St,Cash,Delivered,TRK65061457,WINTER15,Email,2876.2,5,575.24,7,2876.2,0,2024,5,May,2024-05
ORD200512,30/05/2024,C14114,Desk,856 Main St,Online,Pending,TRK63290700,FREESHIP,Instagram,1704.06,3,568.02,3,1704.06,0,2024,5,May,2024-05
ORD200513,31/05/2024,C64128,Tablet,533 Main St,Gift Card,Shipped,TRK37053575,,Referral,284.64,3,94.88,8,284.64,0,2024,5,May,2024-05
ORD200514,01/06/2024,C15629,Printer,492 Main St,Gift Card,Shipped,TRK64926044,WINTER15,Instagram,912.45,3,304.15,3,912.45,0,2024,6,June,2024-06
ORD200515,02/06/2024,C67561,Phone,160 Main St,Gift Card,Shipped,TRK75900717,FREESHIP,Facebook,1660.56,3,553.52,4,1660.56,0,2024,6,June,2024-06
ORD200516,03/06/2024,C47022,Monitor,208 Main St,Cash,Returned,TRK28855040,,Facebook,500.97,3,166.99,8,500.97,0,2024,6,June,2024-06
ORD200517,04/06/2024,C55205,Tablet,943 Main St,Cash,Cancelled,TRK88141634,FREESHIP,Google,793.4,4,198.35,7,793.4,0,2024,6,June,2024-06
ORD200518,05/06/2024,C30686,Printer,319 Main St,Online,Pending,TRK59807273,SAVE10,Referral,1614.32,4,403.58,9,1614.32,0,2024,6,June,2024-06
ORD200519,06/06/2024,C71797,Laptop,941 Main St,Debit Card,Returned,TRK66010667,SAVE10,Email,1857.16,4,464.29,5,1857.16,0,2024,6,June,2024-06
ORD200520,07/06/2024,C66332,Monitor,959 Main St,Cash,Returned,TRK27063398,,Referral,1907.94,3,635.98,5,1907.94,0,2024,6,June,2024-06
ORD200521,08/06/2024,C82318,Phone,991 Main St,Credit Card,Shipped,TRK37534165,,Facebook,528.06,1,528.06,2,528.06,0,2024,6,June,2024-06
ORD200522,09/06/2024,C66254,Chair,740 Main St,Gift Card,Cancelled,TRK82843861,FREESHIP,Email,515.32,1,515.32,1,515.32,0,2024,6,June,2024-06
ORD200523,10/06/2024,C65083,Desk,652 Main St,Credit Card,Returned,TRK60937148,WINTER15,Google,2631.16,4,657.79,6,2631.16,0,2024,6,June,2024-06
ORD200524,11/06/2024,C44778,Phone,103 Main St,Credit Card,Returned,TRK92617366,,Referral,153,1,153,4,153,0,2024,6,June,2024-06
ORD200525,12/06/2024,C54499,Monitor,160 Main St,Debit Card,Shipped,TRK18061555,SAVE10,Email,668.48,1,668.48,1,668.48,0,2024,6,June,2024-06
ORD200526,13/06/2024,C91201,Desk,837 Main St,Cash,Returned,TRK63526023,WINTER15,Google,93,2,46.5,7,93,0,2024,6,June,2024-06
ORD200527,14/06/2024,C27202,Chair,967 Main St,Credit Card,Cancelled,TRK75406128,SAVE10,Referral,3267.35,5,653.47,10,3267.35,0,2024,6,June,2024-06
ORD200528,15/06/2024,C32011,Chair,686 Main St,Credit Card,Returned,TRK70997744,SAVE10,Referral,628.89,1,628.89,2,628.89,0,2024,6,June,2024-06
ORD200529,16/06/2024,C21181,Tablet,938 Main St,Cash,Pending,TRK50363421,FREESHIP,Google,1350.2,2,675.1,4,1350.2,0,2024,6,June,2024-06
ORD200530,17/06/2024,C98450,Chair,613 Main St,Online,Pending,TRK14809530,,Google,357.64,4,89.41,9,357.64,0,2024,6,June,2024-06
ORD200531,18/06/2024,C64502,Desk,722 Main St,Gift Card,Delivered,TRK14914388,,Referral,1600.05,5,320.01,6,1600.05,0,2024,6,June,2024-06
ORD200532,19/06/2024,C47365,Laptop,369 Main St,Online,Delivered,TRK42207882,,Email,82,2,41,7,82,0,2024,6,June,2024-06
ORD200533,20/06/2024,C66349,Desk,715 Main St,Gift Card,Returned,TRK63550793,FREESHIP,Facebook,565.85,1,565.85,1,565.85,0,2024,6,June,2024-06
ORD200534,21/06/2024,C73289,Chair,906 Main St,Debit Card,Cancelled,TRK70872738,SAVE10,Email,1945.77,3,648.59,4,1945.77,0,2024,6,June,2024-06
ORD200535,22/06/2024,C48649,Monitor,332 Main St,Online,Cancelled,TRK45821445,FREESHIP,Email,204.36,3,68.12,3,204.36,0,2024,6,June,2024-06
ORD200536,23/06/2024,C18724,Chair,124 Main St,Cash,Returned,TRK52508861,,Email,616.1,1,616.1,6,616.1,0,2024,6,June,2024-06
ORD200537,24/06/2024,C68553,Tablet,385 Main St,Online,Delivered,TRK58218971,SAVE10,Facebook,742.41,3,247.47,4,742.41,0,2024,6,June,2024-06
ORD200538,25/06/2024,C61280,Phone,100 Main St,Cash,Shipped,TRK95487711,WINTER15,Email,1472.22,3,490.74,3,1472.22,0,2024,6,June,2024-06
ORD200539,26/06/2024,C53277,Desk,473 Main St,Gift Card,Delivered,TRK17653832,SAVE10,Google,1595.16,3,531.72,7,1595.16,0,2024,6,June,2024-06
ORD200540,27/06/2024,C87281,Laptop,852 Main St,Online,Pending,TRK81765057,,Referral,3243.25,5,648.65,7,3243.25,0,2024,6,June,2024-06
ORD200541,28/06/2024,C69009,Printer,879 Main St,Cash,Pending,TRK61295842,,Instagram,2280.3,5,456.06,10,2280.3,0,2024,6,June,2024-06
ORD200542,29/06/2024,C49726,Tablet,934 Main St,Cash,Cancelled,TRK20739460,FREESHIP,Email,17.98,1,17.98,6,17.98,0,2024,6,June,2024-06
ORD200543,30/06/2024,C37531,Desk,354 Main St,Cash,Shipped,TRK93877673,WINTER15,Facebook,1349.3,5,269.86,6,1349.3,0,2024,6,June,2024-06
ORD200544,01/07/2024,C48713,Printer,373 Main St,Credit Card,Returned,TRK96334419,FREESHIP,Referral,159.8,5,31.96,5,159.8,0,2024,7,July,2024-07
ORD200545,02/07/2024,C74138,Monitor,964 Main St,Cash,Returned,TRK74091695,,Instagram,196.94,2,98.47,3,196.94,0,2024,7,July,2024-07
ORD200546,03/07/2024,C82399,Monitor,928 Main St,Credit Card,Returned,TRK77177284,WINTER15,Instagram,158.68,1,158.68,6,158.68,0,2024,7,July,2024-07
ORD200547,04/07/2024,C40427,Phone,411 Main St,Online,Delivered,TRK25392280,FREESHIP,Facebook,613.98,1,613.98,4,613.98,0,2024,7,July,2024-07
ORD200548,05/07/2024,C17103,Printer,922 Main St,Online,Delivered,TRK64398650,WINTER15,Instagram,1278.36,3,426.12,5,1278.36,0,2024,7,July,2024-07
ORD200549,06/07/2024,C34266,Monitor,550 Main St,Debit Card,Cancelled,TRK56378197,WINTER15,Instagram,2519.52,4,629.88,8,2519.52,0,2024,7,July,2024-07
ORD200550,07/07/2024,C97485,Laptop,573 Main St,Cash,Shipped,TRK81794737,FREESHIP,Google,915.64,4,228.91,4,915.64,0,2024,7,July,2024-07
ORD200551,08/07/2024,C23947,Laptop,353 Main St,Debit Card,Delivered,TRK74812710,WINTER15,Email,120.98,1,120.98,6,120.98,0,2024,7,July,2024-07
ORD200552,09/07/2024,C21665,Chair,560 Main St,Online,Returned,TRK29890761,WINTER15,Facebook,1700.72,4,425.18,8,1700.72,0,2024,7,July,2024-07
ORD200553,10/07/2024,C82550,Phone,828 Main St,Gift Card,Cancelled,TRK74103758,FREESHIP,Referral,667.66,2,333.83,4,667.66,0,2024,7,July,2024-07
ORD200554,11/07/2024,C61943,Laptop,610 Main St,Cash,Returned,TRK66126496,FREESHIP,Instagram,985.8,2,492.9,5,985.8,0,2024,7,July,2024-07
ORD200555,12/07/2024,C88933,Tablet,333 Main St,Cash,Shipped,TRK89306964,,Facebook,92.04,1,92.04,2,92.04,0,2024,7,July,2024-07
ORD200556,13/07/2024,C30923,Laptop,932 Main St,Gift Card,Pending,TRK82609328,SAVE10,Facebook,654.27,1,654.27,2,654.27,0,2024,7,July,2024-07
ORD200557,14/07/2024,C56969,Tablet,130 Main St,Debit Card,Pending,TRK40719215,WINTER15,Facebook,56.2,1,56.2,1,56.2,0,2024,7,July,2024-07
ORD200558,15/07/2024,C76766,Phone,485 Main St,Online,Delivered,TRK32052962,WINTER15,Instagram,2512.48,4,628.12,6,2512.48,0,2024,7,July,2024-07
ORD200559,16/07/2024,C22981,Desk,454 Main St,Debit Card,Cancelled,TRK10115285,WINTER15,Email,472.2,3,157.4,7,472.2,0,2024,7,July,2024-07
ORD200560,17/07/2024,C33634,Monitor,524 Main St,Gift Card,Pending,TRK93168008,,Email,2355.4,4,588.85,7,2355.4,0,2024,7,July,2024-07
ORD200561,18/07/2024,C96822,Printer,198 Main St,Online,Shipped,TRK89180077,,Google,989.56,2,494.78,2,989.56,0,2024,7,July,2024-07
ORD200562,19/07/2024,C76675,Laptop,922 Main St,Gift Card,Returned,TRK28043915,FREESHIP,Email,1991.79,3,663.93,6,1991.79,0,2024,7,July,2024-07
ORD200563,20/07/2024,C12039,Laptop,844 Main St,Debit Card,Returned,TRK68645763,SAVE10,Referral,132.68,1,132.68,1,132.68,0,2024,7,July,2024-07
ORD200564,21/07/2024,C93309,Desk,734 Main St,Credit Card,Cancelled,TRK99446987,WINTER15,Google,1821.4,5,364.28,5,1821.4,0,2024,7,July,2024-07
ORD200565,22/07/2024,C62042,Tablet,214 Main St,Online,Pending,TRK42605492,,Facebook,1539.9,5,307.98,10,1539.9,0,2024,7,July,2024-07
ORD200566,23/07/2024,C83223,Phone,167 Main St,Cash,Cancelled,TRK54339083,FREESHIP,Email,650.84,4,162.71,7,650.84,0,2024,7,July,2024-07
ORD200567,24/07/2024,C92575,Chair,153 Main St,Cash,Shipped,TRK53579227,FREESHIP,Email,2464.7,5,492.94,10,2464.7,0,2024,7,July,2024-07
ORD200568,25/07/2024,C29072,Laptop,312 Main St,Online,Delivered,TRK72334047,,Google,687.98,2,343.99,4,687.98,0,2024,7,July,2024-07
ORD200569,26/07/2024,C25783,Desk,672 Main St,Cash,Shipped,TRK13289741,SAVE10,Instagram,1253.4,5,250.68,8,1253.4,0,2024,7,July,2024-07
ORD200570,27/07/2024,C63727,Desk,122 Main St,Debit Card,Pending,TRK13611021,SAVE10,Instagram,724.28,2,362.14,2,724.28,0,2024,7,July,2024-07
ORD200571,28/07/2024,C42365,Tablet,867 Main St,Gift Card,Returned,TRK39563288,WINTER15,Google,214.08,1,214.08,2,214.08,0,2024,7,July,2024-07
ORD200572,29/07/2024,C27438,Printer,341 Main St,Cash,Returned,TRK69125497,WINTER15,Facebook,70.32,1,70.32,4,70.32,0,2024,7,July,2024-07
ORD200573,30/07/2024,C13205,Chair,522 Main St,Debit Card,Cancelled,TRK30686578,,Instagram,2107.1,5,421.42,7,2107.1,0,2024,7,July,2024-07
ORD200574,31/07/2024,C29685,Chair,275 Main St,Credit Card,Pending,TRK97733212,FREESHIP,Email,1923.45,5,384.69,6,1923.45,0,2024,7,July,2024-07
ORD200575,01/08/2024,C74005,Chair,528 Main St,Gift Card,Returned,TRK61640534,SAVE10,Google,2240.75,5,448.15,7,2240.75,0,2024,8,August,2024-08
ORD200576,02/08/2024,C14457,Laptop,747 Main St,Cash,Pending,TRK42517811,,Facebook,395.4,5,79.08,8,395.4,0,2024,8,August,2024-08
ORD200577,03/08/2024,C77046,Tablet,967 Main St,Online,Returned,TRK44401497,WINTER15,Google,741.64,4,185.41,9,741.64,0,2024,8,August,2024-08
ORD200578,04/08/2024,C50415,Monitor,587 Main St,Credit Card,Delivered,TRK41345634,SAVE10,Instagram,2830.35,5,566.07,6,2830.35,0,2024,8,August,2024-08
ORD200579,05/08/2024,C73999,Tablet,413 Main St,Online,Shipped,TRK67919507,WINTER15,Facebook,375.76,2,187.88,4,375.76,0,2024,8,August,2024-08
ORD200580,06/08/2024,C71076,Monitor,340 Main St,Credit Card,Delivered,TRK65148292,SAVE10,Instagram,511.98,2,255.99,4,511.98,0,2024,8,August,2024-08
ORD200581,07/08/2024,C44674,Laptop,942 Main St,Online,Delivered,TRK87158684,,Referral,627.34,1,627.34,1,627.34,0,2024,8,August,2024-08
ORD200582,08/08/2024,C15228,Tablet,558 Main St,Gift Card,Shipped,TRK33860620,WINTER15,Google,1422.42,3,474.14,8,1422.42,0,2024,8,August,2024-08
ORD200583,09/08/2024,C27072,Chair,996 Main St,Gift Card,Delivered,TRK29750379,,Instagram,463.11,3,154.37,4,463.11,0,2024,8,August,2024-08
ORD200584,10/08/2024,C15257,Chair,626 Main St,Online,Delivered,TRK28779938,SAVE10,Google,580.2,4,145.05,6,580.2,0,2024,8,August,2024-08
ORD200585,11/08/2024,C91486,Tablet,907 Main St,Cash,Returned,TRK79617136,WINTER15,Google,268.32,4,67.08,8,268.32,0,2024,8,August,2024-08
ORD200586,12/08/2024,C17389,Monitor,905 Main St,Gift Card,Returned,TRK98857880,FREESHIP,Referral,522.08,1,522.08,5,522.08,0,2024,8,August,2024-08
ORD200587,13/08/2024,C18820,Monitor,347 Main St,Gift Card,Delivered,TRK91547425,FREESHIP,Instagram,2573,5,514.6,10,2573,0,2024,8,August,2024-08
ORD200588,14/08/2024,C61849,Monitor,811 Main St,Credit Card,Delivered,TRK47613918,,Google,2311.28,4,577.82,9,2311.28,0,2024,8,August,2024-08
ORD200589,15/08/2024,C84041,Laptop,900 Main St,Cash,Delivered,TRK84920444,FREESHIP,Referral,1001.6,2,500.8,3,1001.6,0,2024,8,August,2024-08
ORD200590,16/08/2024,C55757,Printer,175 Main St,Gift Card,Returned,TRK27356242,,Email,922.26,2,461.13,4,922.26,0,2024,8,August,2024-08
ORD200591,17/08/2024,C18187,Laptop,470 Main St,Gift Card,Shipped,TRK50528185,FREESHIP,Referral,605.28,1,605.28,3,605.28,0,2024,8,August,2024-08
ORD200592,18/08/2024,C42306,Phone,938 Main St,Online,Returned,TRK15499648,,Google,612.81,3,204.27,4,612.81,0,2024,8,August,2024-08
ORD200593,19/08/2024,C51024,Monitor,636 Main St,Gift Card,Shipped,TRK31375086,FREESHIP,Facebook,489.8,1,489.8,4,489.8,0,2024,8,August,2024-08
ORD200594,20/08/2024,C40140,Phone,598 Main St,Credit Card,Cancelled,TRK12671989,,Email,363.2,5,72.64,7,363.2,0,2024,8,August,2024-08
ORD200595,21/08/2024,C72596,Printer,491 Main St,Online,Pending,TRK83870446,SAVE10,Email,770.32,2,385.16,7,770.32,0,2024,8,August,2024-08
ORD200596,22/08/2024,C91805,Desk,653 Main St,Debit Card,Returned,TRK34504030,FREESHIP,Facebook,1819.23,3,606.41,7,1819.23,0,2024,8,August,2024-08
ORD200597,23/08/2024,C40538,Desk,700 Main St,Gift Card,Cancelled,TRK29821356,WINTER15,Email,423.64,2,211.82,4,423.64,0,2024,8,August,2024-08
ORD200598,24/08/2024,C60329,Desk,826 Main St,Credit Card,Pending,TRK59069987,,Facebook,2476.75,5,495.35,5,2476.75,0,2024,8,August,2024-08
ORD200599,25/08/2024,C28740,Chair,123 Main St,Online,Cancelled,TRK33642221,FREESHIP,Facebook,1670.97,3,556.99,4,1670.97,0,2024,8,August,2024-08
ORD200600,26/08/2024,C87051,Printer,460 Main St,Gift Card,Cancelled,TRK82056333,FREESHIP,Facebook,72.31,1,72.31,1,72.31,0,2024,8,August,2024-08
ORD200601,27/08/2024,C12479,Monitor,529 Main St,Credit Card,Shipped,TRK73935314,,Referral,124.1,5,24.82,10,124.1,0,2024,8,August,2024-08
ORD200602,28/08/2024,C35852,Tablet,982 Main St,Online,Pending,TRK64660134,SAVE10,Instagram,104.16,4,26.04,5,104.16,0,2024,8,August,2024-08
ORD200603,29/08/2024,C26223,Tablet,800 Main St,Cash,Pending,TRK50900547,SAVE10,Google,657.07,1,657.07,4,657.07,0,2024,8,August,2024-08
ORD200604,30/08/2024,C99214,Chair,252 Main St,Debit Card,Delivered,TRK81368481,,Facebook,97.86,3,32.62,6,97.86,0,2024,8,August,2024-08
ORD200605,31/08/2024,C49605,Monitor,892 Main St,Debit Card,Shipped,TRK95620066,SAVE10,Referral,457.82,2,228.91,4,457.82,0,2024,8,August,2024-08
ORD200606,01/09/2024,C85018,Laptop,783 Main St,Cash,Cancelled,TRK54128886,SAVE10,Google,824.25,3,274.75,3,824.25,0,2024,9,September,2024-09
ORD200607,02/09/2024,C96434,Printer,282 Main St,Cash,Shipped,TRK56730647,SAVE10,Google,2536.2,4,634.05,6,2536.2,0,2024,9,September,2024-09
ORD200608,03/09/2024,C32956,Laptop,788 Main St,Online,Cancelled,TRK73140103,SAVE10,Instagram,2715.8,5,543.16,6,2715.8,0,2024,9,September,2024-09
ORD200609,04/09/2024,C41137,Chair,809 Main St,Cash,Returned,TRK52732162,WINTER15,Referral,1347.39,3,449.13,5,1347.39,0,2024,9,September,2024-09
ORD200610,05/09/2024,C60361,Desk,623 Main St,Cash,Returned,TRK83566924,FREESHIP,Facebook,1948.1,5,389.62,7,1948.1,0,2024,9,September,2024-09
ORD200611,06/09/2024,C36688,Desk,700 Main St,Gift Card,Returned,TRK35720426,WINTER15,Referral,305.17,1,305.17,3,305.17,0,2024,9,September,2024-09
ORD200612,07/09/2024,C51811,Chair,339 Main St,Gift Card,Cancelled,TRK82377939,,Google,1335.36,3,445.12,8,1335.36,0,2024,9,September,2024-09
ORD200613,08/09/2024,C62405,Laptop,154 Main St,Online,Returned,TRK14721763,WINTER15,Email,460.72,2,230.36,4,460.72,0,2024,9,September,2024-09
ORD200614,09/09/2024,C77363,Phone,807 Main St,Gift Card,Cancelled,TRK12439827,,Referral,96.81,1,96.81,3,96.81,0,2024,9,September,2024-09
ORD200615,10/09/2024,C97218,Monitor,252 Main St,Credit Card,Returned,TRK52632065,WINTER15,Facebook,2300.7,5,460.14,10,2300.7,0,2024,9,September,2024-09
ORD200616,11/09/2024,C43919,Tablet,984 Main St,Credit Card,Cancelled,TRK73113192,SAVE10,Facebook,1804.8,3,601.6,7,1804.8,0,2024,9,September,2024-09
ORD200617,12/09/2024,C57093,Tablet,834 Main St,Online,Cancelled,TRK75469057,,Referral,553.41,3,184.47,4,553.41,0,2024,9,September,2024-09
ORD200618,13/09/2024,C50565,Tablet,399 Main St,Debit Card,Returned,TRK97981418,,Instagram,411.34,1,411.34,5,411.34,0,2024,9,September,2024-09
ORD200619,14/09/2024,C38845,Laptop,764 Main St,Gift Card,Pending,TRK47637374,,Referral,532.89,1,532.89,2,532.89,0,2024,9,September,2024-09
ORD200620,15/09/2024,C84834,Tablet,866 Main St,Debit Card,Returned,TRK90136001,SAVE10,Referral,409.02,3,136.34,8,409.02,0,2024,9,September,2024-09
ORD200621,16/09/2024,C37455,Phone,146 Main St,Credit Card,Delivered,TRK82685594,WINTER15,Google,2380.05,5,476.01,7,2380.05,0,2024,9,September,2024-09
ORD200622,17/09/2024,C27078,Desk,128 Main St,Credit Card,Returned,TRK89314307,,Facebook,1181.9,5,236.38,7,1181.9,0,2024,9,September,2024-09
ORD200623,18/09/2024,C91941,Printer,269 Main St,Gift Card,Cancelled,TRK21330732,FREESHIP,Instagram,1188,3,396,4,1188,0,2024,9,September,2024-09
ORD200624,19/09/2024,C25967,Tablet,747 Main St,Debit Card,Delivered,TRK88559278,,Email,1709.8,5,341.96,6,1709.8,0,2024,9,September,2024-09
ORD200625,20/09/2024,C22123,Tablet,519 Main St,Credit Card,Pending,TRK43250279,WINTER15,Email,672.89,1,672.89,1,672.89,0,2024,9,September,2024-09
ORD200626,21/09/2024,C45671,Tablet,769 Main St,Online,Shipped,TRK18179773,SAVE10,Referral,1314.96,2,657.48,5,1314.96,0,2024,9,September,2024-09
ORD200627,22/09/2024,C53334,Chair,879 Main St,Online,Returned,TRK31724421,FREESHIP,Email,1496.04,3,498.68,4,1496.04,0,2024,9,September,2024-09
ORD200628,23/09/2024,C18717,Printer,861 Main St,Cash,Pending,TRK58568806,FREESHIP,Referral,2793.15,5,558.63,8,2793.15,0,2024,9,September,2024-09
ORD200629,24/09/2024,C50137,Phone,840 Main St,Online,Pending,TRK91836131,,Referral,59.19,3,19.73,3,59.19,0,2024,9,September,2024-09
ORD200630,25/09/2024,C51481,Monitor,140 Main St,Debit Card,Cancelled,TRK33437701,,Instagram,1244.2,5,248.84,10,1244.2,0,2024,9,September,2024-09
ORD200631,26/09/2024,C99128,Chair,360 Main St,Gift Card,Returned,TRK32426808,WINTER15,Referral,138.33,3,46.11,5,138.33,0,2024,9,September,2024-09
ORD200632,27/09/2024,C67260,Laptop,463 Main St,Gift Card,Delivered,TRK38229104,WINTER15,Facebook,3390.8,5,678.16,7,3390.8,0,2024,9,September,2024-09
ORD200633,28/09/2024,C79533,Laptop,921 Main St,Gift Card,Cancelled,TRK54711422,WINTER15,Instagram,3008.6,5,601.72,5,3008.6,0,2024,9,September,2024-09
ORD200634,29/09/2024,C66906,Printer,117 Main St,Gift Card,Delivered,TRK31633755,WINTER15,Referral,518.64,2,259.32,2,518.64,0,2024,9,September,2024-09
ORD200635,30/09/2024,C12818,Chair,434 Main St,Cash,Returned,TRK40879983,,Facebook,191.04,3,63.68,6,191.04,0,2024,9,September,2024-09
ORD200636,01/10/2024,C60384,Laptop,336 Main St,Cash,Cancelled,TRK92080037,WINTER15,Facebook,1484.28,4,371.07,7,1484.28,0,2024,10,October,2024-10
ORD200637,02/10/2024,C92294,Chair,784 Main St,Gift Card,Shipped,TRK23585765,WINTER15,Referral,1225.4,4,306.35,7,1225.4,0,2024,10,October,2024-10
ORD200638,03/10/2024,C66840,Tablet,547 Main St,Online,Delivered,TRK76929637,WINTER15,Email,2313.08,4,578.27,9,2313.08,0,2024,10,October,2024-10
ORD200639,04/10/2024,C22534,Chair,391 Main St,Cash,Cancelled,TRK17415798,,Referral,529.19,1,529.19,5,529.19,0,2024,10,October,2024-10
ORD200640,05/10/2024,C46509,Chair,647 Main St,Gift Card,Returned,TRK24241664,SAVE10,Referral,1174.98,2,587.49,6,1174.98,0,2024,10,October,2024-10
ORD200641,06/10/2024,C71680,Printer,814 Main St,Debit Card,Pending,TRK47386650,WINTER15,Google,2270.28,4,567.57,9,2270.28,0,2024,10,October,2024-10
ORD200642,07/10/2024,C15063,Chair,527 Main St,Credit Card,Cancelled,TRK10329390,FREESHIP,Email,426.1,5,85.22,7,426.1,0,2024,10,October,2024-10
ORD200643,08/10/2024,C77122,Laptop,647 Main St,Cash,Cancelled,TRK75814880,SAVE10,Referral,438.37,1,438.37,4,438.37,0,2024,10,October,2024-10
ORD200644,09/10/2024,C86524,Chair,961 Main St,Cash,Shipped,TRK62490506,WINTER15,Email,732.46,2,366.23,2,732.46,0,2024,10,October,2024-10
ORD200645,10/10/2024,C82990,Laptop,727 Main St,Credit Card,Cancelled,TRK68574801,SAVE10,Facebook,300.1,2,150.05,4,300.1,0,2024,10,October,2024-10
ORD200646,11/10/2024,C98761,Chair,804 Main St,Debit Card,Shipped,TRK43262630,SAVE10,Google,1994.04,4,498.51,4,1994.04,0,2024,10,October,2024-10
ORD200647,12/10/2024,C54409,Desk,667 Main St,Cash,Returned,TRK67671316,FREESHIP,Google,1018.17,3,339.39,7,1018.17,0,2024,10,October,2024-10
ORD200648,13/10/2024,C89674,Monitor,182 Main St,Online,Delivered,TRK45902512,WINTER15,Referral,1151.66,2,575.83,3,1151.66,0,2024,10,October,2024-10
ORD200649,14/10/2024,C45899,Monitor,153 Main St,Debit Card,Returned,TRK32932093,FREESHIP,Email,1285.96,2,642.98,7,1285.96,0,2024,10,October,2024-10
ORD200650,15/10/2024,C74499,Desk,518 Main St,Gift Card,Delivered,TRK93767278,SAVE10,Email,744.46,2,372.23,7,744.46,0,2024,10,October,2024-10
ORD200651,16/10/2024,C81192,Chair,429 Main St,Debit Card,Pending,TRK76931118,,Google,1939.02,3,646.34,5,1939.02,0,2024,10,October,2024-10
ORD200652,17/10/2024,C71473,Chair,328 Main St,Online,Shipped,TRK94857335,FREESHIP,Instagram,1709.2,5,341.84,8,1709.2,0,2024,10,October,2024-10
ORD200653,18/10/2024,C59338,Printer,747 Main St,Credit Card,Shipped,TRK12902764,WINTER15,Google,2070.9,3,690.3,6,2070.9,0,2024,10,October,2024-10
ORD200654,19/10/2024,C62661,Tablet,863 Main St,Debit Card,Returned,TRK25748100,,Instagram,1147.11,3,382.37,8,1147.11,0,2024,10,October,2024-10
ORD200655,20/10/2024,C22101,Chair,262 Main St,Debit Card,Cancelled,TRK70711522,WINTER15,Email,265.2,2,132.6,4,265.2,0,2024,10,October,2024-10
ORD200656,21/10/2024,C51404,Monitor,835 Main St,Gift Card,Shipped,TRK85682500,SAVE10,Facebook,378.12,2,189.06,7,378.12,0,2024,10,October,2024-10
ORD200657,22/10/2024,C19384,Tablet,532 Main St,Cash,Cancelled,TRK33207064,FREESHIP,Instagram,351.16,4,87.79,6,351.16,0,2024,10,October,2024-10
ORD200658,23/10/2024,C86864,Printer,670 Main St,Gift Card,Returned,TRK15323191,SAVE10,Google,92.72,2,46.36,4,92.72,0,2024,10,October,2024-10
ORD200659,24/10/2024,C24301,Phone,964 Main St,Gift Card,Delivered,TRK55000075,WINTER15,Email,1284.08,2,642.04,4,1284.08,0,2024,10,October,2024-10
ORD200660,25/10/2024,C43842,Chair,933 Main St,Debit Card,Shipped,TRK54084424,WINTER15,Facebook,1303.14,2,651.57,7,1303.14,0,2024,10,October,2024-10
ORD200661,26/10/2024,C63657,Tablet,116 Main St,Debit Card,Cancelled,TRK86378984,FREESHIP,Google,1274.67,3,424.89,6,1274.67,0,2024,10,October,2024-10
ORD200662,27/10/2024,C98332,Laptop,985 Main St,Cash,Returned,TRK85744797,,Facebook,1316.67,3,438.89,3,1316.67,0,2024,10,October,2024-10
ORD200663,28/10/2024,C59774,Monitor,941 Main St,Debit Card,Cancelled,TRK87635135,FREESHIP,Instagram,72.6,1,72.6,6,72.6,0,2024,10,October,2024-10
ORD200664,29/10/2024,C14847,Laptop,188 Main St,Cash,Shipped,TRK46492755,,Facebook,779,4,194.75,5,779,0,2024,10,October,2024-10
ORD200665,30/10/2024,C83653,Tablet,253 Main St,Online,Shipped,TRK32619935,WINTER15,Google,925.04,4,231.26,6,925.04,0,2024,10,October,2024-10
ORD200666,31/10/2024,C35711,Monitor,788 Main St,Credit Card,Cancelled,TRK45281495,,Email,1308.48,4,327.12,4,1308.48,0,2024,10,October,2024-10
ORD200667,01/11/2024,C10477,Laptop,172 Main St,Gift Card,Pending,TRK41505339,SAVE10,Email,466.42,1,466.42,5,466.42,0,2024,11,November,2024-11
ORD200668,02/11/2024,C61257,Monitor,981 Main St,Cash,Returned,TRK25226070,WINTER15,Facebook,507.34,2,253.67,3,507.34,0,2024,11,November,2024-11
ORD200669,03/11/2024,C60547,Desk,812 Main St,Debit Card,Cancelled,TRK65694249,,Referral,257,1,257,5,257,0,2024,11,November,2024-11
ORD200670,04/11/2024,C14576,Desk,747 Main St,Credit Card,Pending,TRK21637540,FREESHIP,Google,2156.8,4,539.2,8,2156.8,0,2024,11,November,2024-11
ORD200671,05/11/2024,C49282,Chair,737 Main St,Gift Card,Cancelled,TRK88653901,WINTER15,Google,253.7,5,50.74,7,253.7,0,2024,11,November,2024-11
ORD200672,06/11/2024,C14017,Phone,984 Main St,Debit Card,Shipped,TRK71009446,SAVE10,Instagram,1248.32,2,624.16,2,1248.32,0,2024,11,November,2024-11
ORD200673,07/11/2024,C46504,Tablet,131 Main St,Credit Card,Delivered,TRK95024356,SAVE10,Email,745.84,2,372.92,7,745.84,0,2024,11,November,2024-11
ORD200674,08/11/2024,C56928,Laptop,860 Main St,Gift Card,Delivered,TRK57792939,SAVE10,Facebook,1435,4,358.75,9,1435,0,2024,11,November,2024-11
ORD200675,09/11/2024,C97749,Desk,906 Main St,Debit Card,Pending,TRK90233116,,Email,1026.06,3,342.02,5,1026.06,0,2024,11,November,2024-11
ORD200676,10/11/2024,C90431,Laptop,985 Main St,Credit Card,Cancelled,TRK44151723,FREESHIP,Instagram,844.68,2,422.34,4,844.68,0,2024,11,November,2024-11
ORD200677,11/11/2024,C56722,Tablet,179 Main St,Online,Cancelled,TRK78778569,FREESHIP,Instagram,110.35,5,22.07,7,110.35,0,2024,11,November,2024-11
ORD200678,12/11/2024,C40863,Chair,457 Main St,Gift Card,Shipped,TRK20553345,WINTER15,Facebook,489.39,3,163.13,5,489.39,0,2024,11,November,2024-11
ORD200679,13/11/2024,C40798,Tablet,304 Main St,Online,Returned,TRK66106697,FREESHIP,Instagram,1081.98,3,360.66,5,1081.98,0,2024,11,November,2024-11
ORD200680,14/11/2024,C16702,Monitor,694 Main St,Credit Card,Returned,TRK16953491,,Facebook,1390.17,3,463.39,3,1390.17,0,2024,11,November,2024-11
ORD200681,15/11/2024,C38262,Tablet,548 Main St,Debit Card,Shipped,TRK47300502,,Email,155.27,1,155.27,6,155.27,0,2024,11,November,2024-11
ORD200682,16/11/2024,C50274,Monitor,449 Main St,Credit Card,Cancelled,TRK91729086,FREESHIP,Google,1528.26,3,509.42,5,1528.26,0,2024,11,November,2024-11
ORD200683,17/11/2024,C91591,Desk,887 Main St,Cash,Pending,TRK23554043,FREESHIP,Instagram,2609.92,4,652.48,5,2609.92,0,2024,11,November,2024-11
ORD200684,18/11/2024,C96583,Printer,288 Main St,Credit Card,Shipped,TRK64353241,,Email,139.36,4,34.84,8,139.36,0,2024,11,November,2024-11
ORD200685,19/11/2024,C64579,Desk,638 Main St,Debit Card,Shipped,TRK10276565,FREESHIP,Email,234.37,1,234.37,5,234.37,0,2024,11,November,2024-11
ORD200686,20/11/2024,C41903,Desk,525 Main St,Cash,Pending,TRK59112382,WINTER15,Facebook,160.8,3,53.6,4,160.8,0,2024,11,November,2024-11
ORD200687,21/11/2024,C19742,Tablet,408 Main St,Gift Card,Returned,TRK68845230,FREESHIP,Instagram,332.09,1,332.09,5,332.09,0,2024,11,November,2024-11
ORD200688,22/11/2024,C20077,Monitor,154 Main St,Credit Card,Cancelled,TRK36415742,WINTER15,Facebook,2372.88,4,593.22,8,2372.88,0,2024,11,November,2024-11
ORD200689,23/11/2024,C13186,Tablet,787 Main St,Online,Shipped,TRK56967415,,Facebook,889.68,2,444.84,7,889.68,0,2024,11,November,2024-11
ORD200690,24/11/2024,C29318,Monitor,128 Main St,Gift Card,Returned,TRK88666721,,Instagram,24.48,1,24.48,1,24.48,0,2024,11,November,2024-11
ORD200691,25/11/2024,C36137,Laptop,396 Main St,Cash,Shipped,TRK57376416,,Google,717.24,3,239.08,8,717.24,0,2024,11,November,2024-11
ORD200692,26/11/2024,C25534,Desk,319 Main St,Credit Card,Delivered,TRK68347402,WINTER15,Instagram,984.2,5,196.84,5,984.2,0,2024,11,November,2024-11
ORD200693,27/11/2024,C62070,Monitor,674 Main St,Debit Card,Returned,TRK10267127,,Referral,176.58,1,176.58,4,176.58,0,2024,11,November,2024-11
ORD200694,28/11/2024,C92049,Printer,619 Main St,Cash,Shipped,TRK32287092,FREESHIP,Email,2666.08,4,666.52,8,2666.08,0,2024,11,November,2024-11
ORD200695,29/11/2024,C52604,Printer,553 Main St,Online,Shipped,TRK48839788,FREESHIP,Email,506.5,5,101.3,7,506.5,0,2024,11,November,2024-11
ORD200696,30/11/2024,C22429,Chair,965 Main St,Gift Card,Pending,TRK38572927,WINTER15,Facebook,604.8,4,151.2,9,604.8,0,2024,11,November,2024-11
ORD200697,01/12/2024,C27430,Printer,788 Main St,Cash,Shipped,TRK45025840,WINTER15,Email,474.25,5,94.85,6,474.25,0,2024,12,December,2024-12
ORD200698,02/12/2024,C44366,Laptop,169 Main St,Cash,Delivered,TRK48658394,WINTER15,Instagram,776.44,2,388.22,2,776.44,0,2024,12,December,2024-12
ORD200699,03/12/2024,C36813,Laptop,897 Main St,Gift Card,Cancelled,TRK84088900,,Facebook,1842.45,3,614.15,3,1842.45,0,2024,12,December,2024-12
ORD200700,04/12/2024,C40201,Laptop,555 Main St,Cash,Returned,TRK30198779,WINTER15,Instagram,185.82,2,92.91,3,185.82,0,2024,12,December,2024-12
ORD200701,05/12/2024,C75456,Monitor,115 Main St,Credit Card,Delivered,TRK90519490,FREESHIP,Email,276.66,3,92.22,5,276.66,0,2024,12,December,2024-12
ORD200702,06/12/2024,C33315,Printer,154 Main St,Debit Card,Returned,TRK43589369,,Email,1687.65,3,562.55,6,1687.65,0,2024,12,December,2024-12
ORD200703,07/12/2024,C89336,Desk,799 Main St,Cash,Pending,TRK47665103,WINTER15,Email,92.79,1,92.79,3,92.79,0,2024,12,December,2024-12
ORD200704,08/12/2024,C96034,Desk,819 Main St,Online,Delivered,TRK87261034,FREESHIP,Google,121.08,4,30.27,9,121.08,0,2024,12,December,2024-12
ORD200705,09/12/2024,C50114,Monitor,420 Main St,Debit Card,Returned,TRK20214786,FREESHIP,Instagram,98.16,2,49.08,7,98.16,0,2024,12,December,2024-12
ORD200706,10/12/2024,C85330,Desk,969 Main St,Gift Card,Returned,TRK97693301,FREESHIP,Facebook,1140.45,5,228.09,9,1140.45,0,2024,12,December,2024-12
ORD200707,11/12/2024,C31761,Chair,989 Main St,Gift Card,Cancelled,TRK17628852,SAVE10,Facebook,2600.16,4,650.04,6,2600.16,0,2024,12,December,2024-12
ORD200708,12/12/2024,C25268,Printer,788 Main St,Cash,Pending,TRK20481215,FREESHIP,Instagram,665.11,1,665.11,3,665.11,0,2024,12,December,2024-12
ORD200709,13/12/2024,C17132,Desk,855 Main St,Online,Pending,TRK37504692,FREESHIP,Google,386.03,1,386.03,4,386.03,0,2024,12,December,2024-12
ORD200710,14/12/2024,C48790,Laptop,113 Main St,Gift Card,Returned,TRK19086608,,Google,107.7,5,21.54,10,107.7,0,2024,12,December,2024-12
ORD200711,15/12/2024,C61070,Tablet,632 Main St,Online,Shipped,TRK90764894,WINTER15,Google,951.56,2,475.78,2,951.56,0,2024,12,December,2024-12
ORD200712,16/12/2024,C56969,Tablet,993 Main St,Gift Card,Pending,TRK10513339,FREESHIP,Email,136.8,2,68.4,7,136.8,0,2024,12,December,2024-12
ORD200713,17/12/2024,C65056,Tablet,638 Main St,Online,Cancelled,TRK31705278,SAVE10,Facebook,2129.96,4,532.49,6,2129.96,0,2024,12,December,2024-12
ORD200714,18/12/2024,C84888,Laptop,278 Main St,Debit Card,Pending,TRK23612847,FREESHIP,Facebook,51.73,1,51.73,1,51.73,0,2024,12,December,2024-12
ORD200715,19/12/2024,C68266,Printer,281 Main St,Online,Delivered,TRK96161062,FREESHIP,Email,1960.89,3,653.63,7,1960.89,0,2024,12,December,2024-12
ORD200716,20/12/2024,C84115,Chair,891 Main St,Credit Card,Pending,TRK25466842,WINTER15,Google,1362.87,3,454.29,4,1362.87,0,2024,12,December,2024-12
ORD200717,21/12/2024,C50087,Chair,707 Main St,Online,Delivered,TRK31143760,WINTER15,Email,366.33,3,122.11,4,366.33,0,2024,12,December,2024-12
ORD200718,22/12/2024,C16790,Laptop,718 Main St,Gift Card,Cancelled,TRK91791367,SAVE10,Google,258.96,4,64.74,8,258.96,0,2024,12,December,2024-12
ORD200719,23/12/2024,C46920,Laptop,703 Main St,Debit Card,Shipped,TRK86403837,FREESHIP,Facebook,1362.12,2,681.06,3,1362.12,0,2024,12,December,2024-12
ORD200720,24/12/2024,C12740,Desk,305 Main St,Cash,Pending,TRK98506513,FREESHIP,Instagram,644.75,5,128.95,10,644.75,0,2024,12,December,2024-12
ORD200721,25/12/2024,C46557,Desk,890 Main St,Credit Card,Delivered,TRK56110689,,Email,237.18,2,118.59,2,237.18,0,2024,12,December,2024-12
ORD200722,26/12/2024,C58156,Printer,516 Main St,Gift Card,Pending,TRK49719458,WINTER15,Instagram,95.1,1,95.1,1,95.1,0,2024,12,December,2024-12
ORD200723,27/12/2024,C14455,Desk,385 Main St,Cash,Returned,TRK50933724,SAVE10,Referral,164.85,3,54.95,8,164.85,0,2024,12,December,2024-12
ORD200724,28/12/2024,C63150,Printer,326 Main St,Credit Card,Returned,TRK19348078,FREESHIP,Referral,410.91,3,136.97,4,410.91,0,2024,12,December,2024-12
ORD200725,29/12/2024,C95269,Chair,372 Main St,Gift Card,Returned,TRK45670926,,Referral,389.7,2,194.85,5,389.7,0,2024,12,December,2024-12
ORD200726,30/12/2024,C18105,Laptop,338 Main St,Online,Delivered,TRK94006117,FREESHIP,Facebook,2332.08,4,583.02,4,2332.08,0,2024,12,December,2024-12
ORD200727,31/12/2024,C29063,Chair,379 Main St,Online,Shipped,TRK92745947,SAVE10,Instagram,478.75,5,95.75,8,478.75,0,2024,12,December,2024-12
ORD200728,01/01/2025,C10154,Desk,827 Main St,Gift Card,Shipped,TRK79793300,WINTER15,Email,1303.04,4,325.76,8,1303.04,0,2025,1,January,2025-01
ORD200729,02/01/2025,C36997,Phone,819 Main St,Gift Card,Pending,TRK92794872,SAVE10,Google,745.64,4,186.41,6,745.64,0,2025,1,January,2025-01
ORD200730,03/01/2025,C77357,Phone,407 Main St,Debit Card,Delivered,TRK91943923,SAVE10,Email,474.6,1,474.6,4,474.6,0,2025,1,January,2025-01
ORD200731,04/01/2025,C71310,Printer,308 Main St,Credit Card,Returned,TRK48292586,,Email,2922.3,5,584.46,8,2922.3,0,2025,1,January,2025-01
ORD200732,05/01/2025,C80987,Laptop,787 Main St,Online,Delivered,TRK42187776,,Google,132.05,1,132.05,2,132.05,0,2025,1,January,2025-01
ORD200733,06/01/2025,C90757,Tablet,694 Main St,Cash,Returned,TRK87991608,SAVE10,Email,1979.36,4,494.84,8,1979.36,0,2025,1,January,2025-01
ORD200734,07/01/2025,C51898,Printer,630 Main St,Credit Card,Returned,TRK19767885,WINTER15,Facebook,898.44,4,224.61,6,898.44,0,2025,1,January,2025-01
ORD200735,08/01/2025,C94508,Monitor,359 Main St,Debit Card,Pending,TRK13443264,,Email,176.28,4,44.07,6,176.28,0,2025,1,January,2025-01
ORD200736,09/01/2025,C59441,Monitor,696 Main St,Credit Card,Pending,TRK66186874,FREESHIP,Google,2092.65,5,418.53,6,2092.65,0,2025,1,January,2025-01
ORD200737,10/01/2025,C91029,Phone,972 Main St,Cash,Pending,TRK25501930,FREESHIP,Instagram,2131.48,4,532.87,9,2131.48,0,2025,1,January,2025-01
ORD200738,11/01/2025,C96261,Phone,264 Main St,Credit Card,Shipped,TRK44998396,SAVE10,Email,970.74,2,485.37,5,970.74,0,2025,1,January,2025-01
ORD200739,12/01/2025,C35123,Phone,513 Main St,Cash,Delivered,TRK58979275,SAVE10,Facebook,1546.92,4,386.73,4,1546.92,0,2025,1,January,2025-01
ORD200740,13/01/2025,C10892,Desk,433 Main St,Cash,Pending,TRK76154554,,Google,754.94,2,377.47,7,754.94,0,2025,1,January,2025-01
ORD200741,14/01/2025,C99683,Monitor,945 Main St,Gift Card,Delivered,TRK87305883,,Referral,1663.2,5,332.64,10,1663.2,0,2025,1,January,2025-01
ORD200742,15/01/2025,C41974,Laptop,726 Main St,Cash,Returned,TRK48051468,SAVE10,Google,2099.79,3,699.93,7,2099.79,0,2025,1,January,2025-01
ORD200743,16/01/2025,C23978,Monitor,549 Main St,Gift Card,Returned,TRK87090813,WINTER15,Instagram,576.35,1,576.35,1,576.35,0,2025,1,January,2025-01
ORD200744,17/01/2025,C10642,Tablet,200 Main St,Cash,Delivered,TRK98725693,SAVE10,Google,922.74,2,461.37,5,922.74,0,2025,1,January,2025-01
ORD200745,18/01/2025,C73813,Printer,364 Main St,Debit Card,Pending,TRK89906749,FREESHIP,Email,445.2,4,111.3,7,445.2,0,2025,1,January,2025-01
ORD200746,19/01/2025,C32183,Desk,551 Main St,Online,Cancelled,TRK76287027,WINTER15,Referral,1985.67,3,661.89,6,1985.67,0,2025,1,January,2025-01
ORD200747,20/01/2025,C54277,Tablet,940 Main St,Debit Card,Delivered,TRK26500181,FREESHIP,Instagram,519.16,2,259.58,7,519.16,0,2025,1,January,2025-01
ORD200748,21/01/2025,C56553,Tablet,249 Main St,Credit Card,Shipped,TRK37667360,FREESHIP,Referral,212.43,3,70.81,8,212.43,0,2025,1,January,2025-01
ORD200749,22/01/2025,C17551,Laptop,997 Main St,Debit Card,Pending,TRK88797170,FREESHIP,Instagram,518.39,1,518.39,4,518.39,0,2025,1,January,2025-01
ORD200750,23/01/2025,C14737,Tablet,637 Main St,Credit Card,Returned,TRK10295115,FREESHIP,Email,581.64,4,145.41,7,581.64,0,2025,1,January,2025-01
ORD200751,24/01/2025,C35168,Tablet,455 Main St,Gift Card,Pending,TRK76960854,FREESHIP,Facebook,1199.72,2,599.86,7,1199.72,0,2025,1,January,2025-01
ORD200752,25/01/2025,C82217,Phone,299 Main St,Credit Card,Delivered,TRK33305694,FREESHIP,Google,1717.48,4,429.37,8,1717.48,0,2025,1,January,2025-01
ORD200753,26/01/2025,C42270,Phone,864 Main St,Debit Card,Returned,TRK72697796,FREESHIP,Instagram,482.98,2,241.49,7,482.98,0,2025,1,January,2025-01
ORD200754,27/01/2025,C48846,Printer,983 Main St,Credit Card,Returned,TRK52804097,WINTER15,Email,904.1,2,452.05,3,904.1,0,2025,1,January,2025-01
ORD200755,28/01/2025,C54160,Desk,658 Main St,Credit Card,Pending,TRK60515972,,Email,1010.13,3,336.71,4,1010.13,0,2025,1,January,2025-01
ORD200756,29/01/2025,C14080,Phone,202 Main St,Gift Card,Shipped,TRK93163682,,Google,283.69,1,283.69,6,283.69,0,2025,1,January,2025-01
ORD200757,30/01/2025,C81074,Desk,597 Main St,Debit Card,Delivered,TRK91105190,FREESHIP,Google,157.72,1,157.72,2,157.72,0,2025,1,January,2025-01
ORD200758,31/01/2025,C69021,Tablet,917 Main St,Credit Card,Cancelled,TRK57148510,WINTER15,Facebook,1874.52,3,624.84,8,1874.52,0,2025,1,January,2025-01
ORD200759,01/02/2025,C96283,Desk,366 Main St,Cash,Pending,TRK91784124,FREESHIP,Facebook,924.03,3,308.01,3,924.03,0,2025,2,February,2025-02
ORD200760,02/02/2025,C96636,Desk,283 Main St,Debit Card,Cancelled,TRK73324346,,Google,39.56,1,39.56,5,39.56,0,2025,2,February,2025-02
ORD200761,03/02/2025,C37235,Desk,217 Main St,Debit Card,Delivered,TRK67789367,,Google,151.04,4,37.76,7,151.04,0,2025,2,February,2025-02
ORD200762,04/02/2025,C12444,Phone,611 Main St,Cash,Returned,TRK97621403,FREESHIP,Email,230.88,3,76.96,8,230.88,0,2025,2,February,2025-02
ORD200763,05/02/2025,C79142,Laptop,533 Main St,Online,Delivered,TRK30915955,FREESHIP,Email,569.96,1,569.96,4,569.96,0,2025,2,February,2025-02
ORD200764,06/02/2025,C35983,Laptop,806 Main St,Credit Card,Cancelled,TRK14016163,FREESHIP,Email,3137.15,5,627.43,10,3137.15,0,2025,2,February,2025-02
ORD200765,07/02/2025,C36150,Laptop,281 Main St,Debit Card,Returned,TRK96249043,SAVE10,Google,1069.82,2,534.91,5,1069.82,0,2025,2,February,2025-02
ORD200766,08/02/2025,C91454,Printer,494 Main St,Debit Card,Pending,TRK99985340,FREESHIP,Referral,557.76,2,278.88,3,557.76,0,2025,2,February,2025-02
ORD200767,09/02/2025,C19368,Tablet,517 Main St,Credit Card,Delivered,TRK80436037,,Instagram,646.44,2,323.22,7,646.44,0,2025,2,February,2025-02
ORD200768,10/02/2025,C35987,Tablet,165 Main St,Cash,Cancelled,TRK28918815,WINTER15,Email,3267.3,5,653.46,9,3267.3,0,2025,2,February,2025-02
ORD200769,11/02/2025,C13366,Printer,568 Main St,Cash,Delivered,TRK98691410,,Email,2714.2,4,678.55,5,2714.2,0,2025,2,February,2025-02
ORD200770,12/02/2025,C72166,Desk,227 Main St,Online,Returned,TRK67733444,,Google,314.38,1,314.38,6,314.38,0,2025,2,February,2025-02
ORD200771,13/02/2025,C20357,Phone,272 Main St,Debit Card,Cancelled,TRK82236408,FREESHIP,Google,2077.32,3,692.44,8,2077.32,0,2025,2,February,2025-02
ORD200772,14/02/2025,C33802,Monitor,461 Main St,Online,Delivered,TRK25799478,,Instagram,604.87,1,604.87,4,604.87,0,2025,2,February,2025-02
ORD200773,15/02/2025,C99205,Phone,415 Main St,Cash,Cancelled,TRK48904015,,Facebook,1024.66,2,512.33,7,1024.66,0,2025,2,February,2025-02
ORD200774,16/02/2025,C29701,Chair,257 Main St,Credit Card,Cancelled,TRK42266846,FREESHIP,Instagram,61.62,3,20.54,3,61.62,0,2025,2,February,2025-02
ORD200775,17/02/2025,C73941,Phone,569 Main St,Online,Cancelled,TRK22051900,,Google,1250.44,2,625.22,5,1250.44,0,2025,2,February,2025-02
ORD200776,18/02/2025,C69168,Tablet,482 Main St,Cash,Returned,TRK10446197,WINTER15,Google,21.19,1,21.19,5,21.19,0,2025,2,February,2025-02
ORD200777,19/02/2025,C66116,Chair,633 Main St,Online,Cancelled,TRK41967983,,Facebook,322.45,5,64.49,7,322.45,0,2025,2,February,2025-02
ORD200778,20/02/2025,C85059,Laptop,316 Main St,Credit Card,Shipped,TRK56503740,WINTER15,Google,987.4,4,246.85,8,987.4,0,2025,2,February,2025-02
ORD200779,21/02/2025,C18076,Phone,751 Main St,Debit Card,Pending,TRK26661705,FREESHIP,Email,1766.22,3,588.74,8,1766.22,0,2025,2,February,2025-02
ORD200780,22/02/2025,C41284,Laptop,661 Main St,Online,Cancelled,TRK73613128,WINTER15,Google,737.92,4,184.48,4,737.92,0,2025,2,February,2025-02
ORD200781,23/02/2025,C43524,Phone,934 Main St,Gift Card,Delivered,TRK51479426,FREESHIP,Referral,2621.3,5,524.26,5,2621.3,0,2025,2,February,2025-02
ORD200782,24/02/2025,C58063,Monitor,167 Main St,Online,Returned,TRK50548869,SAVE10,Referral,987.26,2,493.63,6,987.26,0,2025,2,February,2025-02
ORD200783,25/02/2025,C19937,Printer,281 Main St,Gift Card,Returned,TRK46990083,FREESHIP,Facebook,438.34,1,438.34,5,438.34,0,2025,2,February,2025-02
ORD200784,26/02/2025,C21191,Laptop,232 Main St,Credit Card,Pending,TRK85771230,WINTER15,Referral,325.81,1,325.81,1,325.81,0,2025,2,February,2025-02
ORD200785,27/02/2025,C45862,Chair,342 Main St,Credit Card,Pending,TRK53089983,SAVE10,Instagram,176.1,1,176.1,1,176.1,0,2025,2,February,2025-02
ORD200786,28/02/2025,C39130,Chair,774 Main St,Online,Cancelled,TRK99583414,,Referral,226.55,5,45.31,8,226.55,0,2025,2,February,2025-02
ORD200787,01/03/2025,C18167,Desk,193 Main St,Cash,Delivered,TRK36841089,,Google,887.84,4,221.96,7,887.84,0,2025,3,March,2025-03
ORD200788,02/03/2025,C47307,Chair,761 Main St,Online,Pending,TRK43516112,FREESHIP,Instagram,1202.86,2,601.43,5,1202.86,0,2025,3,March,2025-03
ORD200789,03/03/2025,C57276,Tablet,183 Main St,Online,Delivered,TRK75899752,SAVE10,Email,3456.4,5,691.28,10,3456.4,0,2025,3,March,2025-03
ORD200790,04/03/2025,C38928,Laptop,302 Main St,Gift Card,Pending,TRK96636009,,Google,1671.56,4,417.89,4,1671.56,0,2025,3,March,2025-03
ORD200791,05/03/2025,C49710,Chair,956 Main St,Cash,Pending,TRK92591237,,Email,1637.12,4,409.28,8,1637.12,0,2025,3,March,2025-03
ORD200792,06/03/2025,C41709,Desk,746 Main St,Debit Card,Returned,TRK90995294,WINTER15,Facebook,712.7,2,356.35,6,712.7,0,2025,3,March,2025-03
ORD200793,07/03/2025,C91255,Chair,769 Main St,Debit Card,Delivered,TRK69599961,,Referral,851.1,5,170.22,8,851.1,0,2025,3,March,2025-03
ORD200794,08/03/2025,C76653,Printer,988 Main St,Online,Delivered,TRK77052196,FREESHIP,Instagram,1539.4,4,384.85,9,1539.4,0,2025,3,March,2025-03
ORD200795,09/03/2025,C95667,Laptop,586 Main St,Online,Pending,TRK41266666,SAVE10,Instagram,463.08,4,115.77,7,463.08,0,2025,3,March,2025-03
ORD200796,10/03/2025,C33313,Phone,882 Main St,Gift Card,Returned,TRK13349970,WINTER15,Facebook,1738.65,3,579.55,8,1738.65,0,2025,3,March,2025-03
ORD200797,11/03/2025,C36825,Laptop,426 Main St,Debit Card,Returned,TRK72557318,,Facebook,877.52,2,438.76,2,877.52,0,2025,3,March,2025-03
ORD200798,12/03/2025,C20861,Phone,968 Main St,Debit Card,Returned,TRK89372013,FREESHIP,Email,2441.75,5,488.35,9,2441.75,0,2025,3,March,2025-03
ORD200799,13/03/2025,C26364,Laptop,803 Main St,Debit Card,Returned,TRK78924436,FREESHIP,Email,1314.24,4,328.56,4,1314.24,0,2025,3,March,2025-03
ORD200800,14/03/2025,C34686,Tablet,412 Main St,Online,Returned,TRK99468332,WINTER15,Facebook,68.39,1,68.39,3,68.39,0,2025,3,March,2025-03
ORD200801,15/03/2025,C97593,Printer,738 Main St,Debit Card,Pending,TRK58443593,FREESHIP,Facebook,2382.48,4,595.62,8,2382.48,0,2025,3,March,2025-03
ORD200802,16/03/2025,C84331,Chair,205 Main St,Gift Card,Cancelled,TRK34440714,FREESHIP,Email,3223.2,5,644.64,6,3223.2,0,2025,3,March,2025-03
ORD200803,17/03/2025,C88775,Monitor,223 Main St,Debit Card,Returned,TRK45098068,SAVE10,Referral,1989.05,5,397.81,5,1989.05,0,2025,3,March,2025-03
ORD200804,18/03/2025,C76362,Chair,916 Main St,Online,Delivered,TRK11868618,FREESHIP,Email,709.5,3,236.5,8,709.5,0,2025,3,March,2025-03
ORD200805,19/03/2025,C59278,Laptop,178 Main St,Gift Card,Cancelled,TRK14590037,SAVE10,Email,2360.05,5,472.01,10,2360.05,0,2025,3,March,2025-03
ORD200806,20/03/2025,C55819,Chair,740 Main St,Online,Pending,TRK13775054,WINTER15,Instagram,1268.75,5,253.75,9,1268.75,0,2025,3,March,2025-03
ORD200807,21/03/2025,C82344,Monitor,260 Main St,Online,Delivered,TRK70957219,SAVE10,Google,2028.63,3,676.21,5,2028.63,0,2025,3,March,2025-03
ORD200808,22/03/2025,C65565,Desk,192 Main St,Credit Card,Shipped,TRK80383756,,Google,402.15,3,134.05,3,402.15,0,2025,3,March,2025-03
ORD200809,23/03/2025,C80416,Desk,752 Main St,Debit Card,Shipped,TRK54385892,SAVE10,Instagram,1087.15,5,217.43,10,1087.15,0,2025,3,March,2025-03
ORD200810,24/03/2025,C23637,Tablet,644 Main St,Credit Card,Cancelled,TRK16749863,,Referral,553.56,1,553.56,5,553.56,0,2025,3,March,2025-03
ORD200811,25/03/2025,C24769,Laptop,864 Main St,Gift Card,Shipped,TRK44538305,SAVE10,Email,57.1,2,28.55,7,57.1,0,2025,3,March,2025-03
ORD200812,26/03/2025,C81547,Phone,803 Main St,Credit Card,Cancelled,TRK88437123,FREESHIP,Google,510.52,2,255.26,6,510.52,0,2025,3,March,2025-03
ORD200813,27/03/2025,C12813,Laptop,263 Main St,Debit Card,Cancelled,TRK36131660,FREESHIP,Email,1462.7,5,292.54,8,1462.7,0,2025,3,March,2025-03
ORD200814,28/03/2025,C50732,Chair,979 Main St,Debit Card,Pending,TRK21082461,WINTER15,Instagram,590.04,4,147.51,4,590.04,0,2025,3,March,2025-03
ORD200815,29/03/2025,C41320,Printer,920 Main St,Gift Card,Cancelled,TRK77539180,WINTER15,Instagram,1709.52,3,569.84,8,1709.52,0,2025,3,March,2025-03
ORD200816,30/03/2025,C55286,Tablet,497 Main St,Credit Card,Pending,TRK39058734,WINTER15,Referral,2873.95,5,574.79,8,2873.95,0,2025,3,March,2025-03
ORD200817,31/03/2025,C87994,Chair,430 Main St,Credit Card,Delivered,TRK98883971,WINTER15,Email,2392.76,4,598.19,7,2392.76,0,2025,3,March,2025-03
ORD200818,01/04/2025,C25580,Phone,860 Main St,Credit Card,Cancelled,TRK58781638,WINTER15,Referral,1563.36,4,390.84,9,1563.36,0,2025,4,April,2025-04
ORD200819,02/04/2025,C66196,Phone,650 Main St,Debit Card,Cancelled,TRK38104650,SAVE10,Google,796.9,2,398.45,7,796.9,0,2025,4,April,2025-04
ORD200820,03/04/2025,C35377,Phone,171 Main St,Cash,Returned,TRK17342157,FREESHIP,Email,3119.05,5,623.81,6,3119.05,0,2025,4,April,2025-04
ORD200821,04/04/2025,C40771,Laptop,259 Main St,Credit Card,Delivered,TRK56310345,SAVE10,Facebook,697.96,4,174.49,5,697.96,0,2025,4,April,2025-04
ORD200822,05/04/2025,C20624,Phone,923 Main St,Gift Card,Returned,TRK45123395,SAVE10,Google,479.56,1,479.56,1,479.56,0,2025,4,April,2025-04
ORD200823,06/04/2025,C27070,Laptop,973 Main St,Credit Card,Shipped,TRK83842481,WINTER15,Instagram,2612.52,4,653.13,8,2612.52,0,2025,4,April,2025-04
ORD200824,07/04/2025,C18826,Monitor,664 Main St,Credit Card,Returned,TRK12530495,FREESHIP,Facebook,1443.3,3,481.1,3,1443.3,0,2025,4,April,2025-04
ORD200825,08/04/2025,C23899,Desk,543 Main St,Online,Returned,TRK88914760,FREESHIP,Instagram,1358.45,5,271.69,7,1358.45,0,2025,4,April,2025-04
ORD200826,09/04/2025,C43249,Printer,283 Main St,Online,Returned,TRK32469820,WINTER15,Email,1391.43,3,463.81,8,1391.43,0,2025,4,April,2025-04
ORD200827,10/04/2025,C95856,Tablet,432 Main St,Cash,Delivered,TRK58829625,WINTER15,Instagram,1279.76,2,639.88,5,1279.76,0,2025,4,April,2025-04
ORD200828,11/04/2025,C86266,Chair,510 Main St,Cash,Shipped,TRK64576020,FREESHIP,Instagram,1618.32,4,404.58,5,1618.32,0,2025,4,April,2025-04
ORD200829,12/04/2025,C39551,Monitor,685 Main St,Debit Card,Delivered,TRK68358007,WINTER15,Instagram,76.93,1,76.93,6,76.93,0,2025,4,April,2025-04
ORD200830,13/04/2025,C90310,Tablet,853 Main St,Cash,Delivered,TRK70028457,SAVE10,Email,762.56,4,190.64,5,762.56,0,2025,4,April,2025-04
ORD200831,14/04/2025,C20124,Printer,140 Main St,Online,Pending,TRK61346824,,Google,177.46,2,88.73,5,177.46,0,2025,4,April,2025-04
ORD200832,15/04/2025,C63372,Chair,903 Main St,Online,Pending,TRK14661811,SAVE10,Referral,2428.55,5,485.71,10,2428.55,0,2025,4,April,2025-04
ORD200833,16/04/2025,C90595,Phone,508 Main St,Credit Card,Shipped,TRK96573803,WINTER15,Referral,391.45,5,78.29,5,391.45,0,2025,4,April,2025-04
ORD200834,17/04/2025,C98483,Printer,456 Main St,Cash,Returned,TRK22084320,,Instagram,110.7,5,22.14,10,110.7,0,2025,4,April,2025-04
ORD200835,18/04/2025,C16429,Desk,390 Main St,Debit Card,Shipped,TRK73888013,FREESHIP,Google,679.65,1,679.65,6,679.65,0,2025,4,April,2025-04
ORD200836,19/04/2025,C31810,Phone,328 Main St,Credit Card,Cancelled,TRK58725886,FREESHIP,Google,178.44,1,178.44,2,178.44,0,2025,4,April,2025-04
ORD200837,20/04/2025,C88029,Chair,282 Main St,Online,Delivered,TRK59701278,,Email,3277.75,5,655.55,5,3277.75,0,2025,4,April,2025-04
ORD200838,21/04/2025,C57798,Desk,384 Main St,Online,Pending,TRK68797566,,Facebook,2308.32,4,577.08,8,2308.32,0,2025,4,April,2025-04
ORD200839,22/04/2025,C82858,Chair,551 Main St,Online,Cancelled,TRK90618490,,Google,593.91,3,197.97,5,593.91,0,2025,4,April,2025-04
ORD200840,23/04/2025,C60699,Chair,672 Main St,Credit Card,Delivered,TRK88660574,FREESHIP,Referral,1235.85,3,411.95,7,1235.85,0,2025,4,April,2025-04
ORD200841,24/04/2025,C94658,Printer,742 Main St,Credit Card,Delivered,TRK51732528,,Facebook,886.44,2,443.22,5,886.44,0,2025,4,April,2025-04
ORD200842,25/04/2025,C78305,Laptop,396 Main St,Online,Pending,TRK88312618,WINTER15,Referral,1092.42,3,364.14,7,1092.42,0,2025,4,April,2025-04
ORD200843,26/04/2025,C43538,Desk,534 Main St,Gift Card,Cancelled,TRK20961563,FREESHIP,Instagram,1290.18,3,430.06,8,1290.18,0,2025,4,April,2025-04
ORD200844,27/04/2025,C47486,Chair,883 Main St,Online,Returned,TRK75984759,FREESHIP,Facebook,320.92,1,320.92,5,320.92,0,2025,4,April,2025-04
ORD200845,28/04/2025,C24212,Phone,808 Main St,Gift Card,Delivered,TRK68894675,FREESHIP,Google,322.08,3,107.36,5,322.08,0,2025,4,April,2025-04
ORD200846,29/04/2025,C24765,Desk,646 Main St,Debit Card,Cancelled,TRK43977698,,Referral,719.72,2,359.86,4,719.72,0,2025,4,April,2025-04
ORD200847,30/04/2025,C48176,Printer,670 Main St,Online,Shipped,TRK90560300,FREESHIP,Email,1736.92,4,434.23,8,1736.92,0,2025,4,April,2025-04
ORD200848,01/05/2025,C54675,Chair,634 Main St,Online,Shipped,TRK18049633,,Referral,1291.7,2,645.85,5,1291.7,0,2025,5,May,2025-05
ORD200849,02/05/2025,C16675,Printer,664 Main St,Debit Card,Cancelled,TRK12756945,WINTER15,Referral,857.4,4,214.35,7,857.4,0,2025,5,May,2025-05
ORD200850,03/05/2025,C38557,Monitor,890 Main St,Debit Card,Cancelled,TRK14832238,FREESHIP,Instagram,1915.5,3,638.5,4,1915.5,0,2025,5,May,2025-05
ORD200851,04/05/2025,C80183,Laptop,146 Main St,Online,Cancelled,TRK20814598,SAVE10,Email,365.57,1,365.57,5,365.57,0,2025,5,May,2025-05
ORD200852,05/05/2025,C39530,Desk,618 Main St,Gift Card,Pending,TRK69000497,SAVE10,Google,1704.15,3,568.05,6,1704.15,0,2025,5,May,2025-05
ORD200853,06/05/2025,C10002,Printer,894 Main St,Cash,Returned,TRK94641152,SAVE10,Facebook,1470.03,3,490.01,4,1470.03,0,2025,5,May,2025-05
ORD200854,07/05/2025,C56938,Laptop,356 Main St,Credit Card,Delivered,TRK67735987,WINTER15,Referral,1117.8,3,372.6,7,1117.8,0,2025,5,May,2025-05
ORD200855,08/05/2025,C41331,Monitor,785 Main St,Credit Card,Shipped,TRK94198179,FREESHIP,Email,1203.05,5,240.61,10,1203.05,0,2025,5,May,2025-05
ORD200856,09/05/2025,C94698,Phone,871 Main St,Debit Card,Shipped,TRK95768773,,Facebook,586.62,1,586.62,5,586.62,0,2025,5,May,2025-05
ORD200857,10/05/2025,C56506,Phone,185 Main St,Online,Delivered,TRK86808324,,Instagram,773.52,3,257.84,4,773.52,0,2025,5,May,2025-05
ORD200858,11/05/2025,C22167,Tablet,891 Main St,Online,Pending,TRK70269748,,Facebook,2178.3,5,435.66,9,2178.3,0,2025,5,May,2025-05
ORD200859,12/05/2025,C11127,Chair,154 Main St,Credit Card,Returned,TRK73285507,SAVE10,Referral,1306.65,5,261.33,5,1306.65,0,2025,5,May,2025-05
ORD200860,13/05/2025,C69542,Printer,876 Main St,Cash,Delivered,TRK20746505,SAVE10,Google,422.54,1,422.54,1,422.54,0,2025,5,May,2025-05
ORD200861,14/05/2025,C93276,Desk,230 Main St,Gift Card,Shipped,TRK44165913,FREESHIP,Google,1652.25,5,330.45,10,1652.25,0,2025,5,May,2025-05
ORD200862,15/05/2025,C37969,Desk,799 Main St,Credit Card,Shipped,TRK69852386,SAVE10,Referral,362.46,3,120.82,5,362.46,0,2025,5,May,2025-05
ORD200863,16/05/2025,C98276,Phone,471 Main St,Credit Card,Pending,TRK74207282,SAVE10,Referral,14.06,1,14.06,5,14.06,0,2025,5,May,2025-05
ORD200864,17/05/2025,C14240,Desk,592 Main St,Credit Card,Delivered,TRK58095246,SAVE10,Facebook,491.11,1,491.11,4,491.11,0,2025,5,May,2025-05
ORD200865,18/05/2025,C72241,Monitor,156 Main St,Cash,Pending,TRK76270481,SAVE10,Google,2709.48,4,677.37,8,2709.48,0,2025,5,May,2025-05
ORD200866,19/05/2025,C39664,Desk,693 Main St,Debit Card,Cancelled,TRK39917741,WINTER15,Email,946.25,5,189.25,10,946.25,0,2025,5,May,2025-05
ORD200867,20/05/2025,C53252,Printer,351 Main St,Cash,Delivered,TRK65831261,FREESHIP,Facebook,570.32,4,142.58,4,570.32,0,2025,5,May,2025-05
ORD200868,21/05/2025,C70452,Monitor,309 Main St,Debit Card,Delivered,TRK42985882,,Facebook,1265.28,4,316.32,7,1265.28,0,2025,5,May,2025-05
ORD200869,22/05/2025,C29905,Desk,790 Main St,Online,Delivered,TRK16788127,WINTER15,Google,1067.9,2,533.95,5,1067.9,0,2025,5,May,2025-05
ORD200870,23/05/2025,C78725,Phone,541 Main St,Debit Card,Delivered,TRK72001139,FREESHIP,Google,1880.36,4,470.09,4,1880.36,0,2025,5,May,2025-05
ORD200871,24/05/2025,C93768,Tablet,720 Main St,Debit Card,Pending,TRK22024707,FREESHIP,Email,972.9,3,324.3,8,972.9,0,2025,5,May,2025-05
ORD200872,25/05/2025,C59169,Chair,172 Main St,Cash,Shipped,TRK90883858,,Email,2517.36,4,629.34,7,2517.36,0,2025,5,May,2025-05
ORD200873,26/05/2025,C53488,Desk,448 Main St,Cash,Delivered,TRK27365050,SAVE10,Facebook,410.52,3,136.84,3,410.52,0,2025,5,May,2025-05
ORD200874,27/05/2025,C92180,Chair,632 Main St,Cash,Delivered,TRK93315929,FREESHIP,Facebook,977.8,2,488.9,7,977.8,0,2025,5,May,2025-05
ORD200875,28/05/2025,C25918,Laptop,203 Main St,Credit Card,Delivered,TRK66473392,FREESHIP,Referral,666.95,5,133.39,6,666.95,0,2025,5,May,2025-05
ORD200876,29/05/2025,C90363,Chair,200 Main St,Gift Card,Pending,TRK21534173,SAVE10,Google,3044.55,5,608.91,6,3044.55,0,2025,5,May,2025-05
ORD200877,30/05/2025,C43867,Tablet,269 Main St,Debit Card,Pending,TRK97319127,FREESHIP,Email,524.06,1,524.06,3,524.06,0,2025,5,May,2025-05
ORD200878,31/05/2025,C73873,Desk,393 Main St,Online,Cancelled,TRK56423132,SAVE10,Google,661.38,2,330.69,5,661.38,0,2025,5,May,2025-05
ORD200879,01/06/2025,C56622,Phone,932 Main St,Gift Card,Shipped,TRK86373987,,Instagram,1095.34,2,547.67,3,1095.34,0,2025,6,June,2025-06
ORD200880,02/06/2025,C85074,Laptop,506 Main St,Online,Shipped,TRK63133878,SAVE10,Facebook,934.8,4,233.7,8,934.8,0,2025,6,June,2025-06
ORD200881,03/06/2025,C59579,Tablet,386 Main St,Credit Card,Pending,TRK48000034,,Instagram,897.7,2,448.85,6,897.7,0,2025,6,June,2025-06
ORD200882,04/06/2025,C43335,Phone,533 Main St,Cash,Delivered,TRK91848650,FREESHIP,Referral,548.24,2,274.12,6,548.24,0,2025,6,June,2025-06
ORD200883,05/06/2025,C43595,Printer,451 Main St,Online,Delivered,TRK25317348,FREESHIP,Facebook,2807.4,5,561.48,9,2807.4,0,2025,6,June,2025-06
ORD200884,06/06/2025,C71471,Chair,817 Main St,Gift Card,Shipped,TRK52137079,,Instagram,595.54,1,595.54,4,595.54,0,2025,6,June,2025-06
ORD200885,07/06/2025,C61090,Laptop,387 Main St,Credit Card,Shipped,TRK36388962,FREESHIP,Google,2062.36,4,515.59,7,2062.36,0,2025,6,June,2025-06
ORD200886,08/06/2025,C29620,Phone,792 Main St,Credit Card,Returned,TRK22046456,,Google,460.13,1,460.13,1,460.13,0,2025,6,June,2025-06
ORD200887,09/06/2025,C67932,Chair,857 Main St,Debit Card,Delivered,TRK88547534,,Google,514.98,3,171.66,7,514.98,0,2025,6,June,2025-06
ORD200888,10/06/2025,C14427,Laptop,833 Main St,Credit Card,Pending,TRK58024529,,Instagram,533.9,2,266.95,3,533.9,0,2025,6,June,2025-06
ORD200889,11/06/2025,C36725,Monitor,350 Main St,Credit Card,Cancelled,TRK16808790,WINTER15,Email,3253.6,5,650.72,8,3253.6,0,2025,6,June,2025-06
ORD200890,12/06/2025,C51921,Laptop,943 Main St,Debit Card,Pending,TRK85741716,,Google,1318.59,3,439.53,5,1318.59,0,2025,6,June,2025-06
ORD200891,13/06/2025,C36534,Monitor,918 Main St,Cash,Returned,TRK38952138,SAVE10,Referral,1963.62,3,654.54,7,1963.62,0,2025,6,June,2025-06
ORD200892,14/06/2025,C72043,Desk,480 Main St,Cash,Shipped,TRK40896408,FREESHIP,Referral,394.53,1,394.53,2,394.53,0,2025,6,June,2025-06
ORD200893,15/06/2025,C99533,Monitor,696 Main St,Cash,Pending,TRK55701253,FREESHIP,Referral,678.01,1,678.01,4,678.01,0,2025,6,June,2025-06
ORD200894,16/06/2025,C90852,Tablet,852 Main St,Online,Cancelled,TRK37551831,WINTER15,Instagram,1725.03,3,575.01,8,1725.03,0,2025,6,June,2025-06
ORD200895,17/06/2025,C81882,Chair,832 Main St,Debit Card,Pending,TRK62371264,WINTER15,Facebook,463.92,3,154.64,6,463.92,0,2025,6,June,2025-06
ORD200896,18/06/2025,C85466,Desk,102 Main St,Gift Card,Shipped,TRK66764177,FREESHIP,Google,441.87,3,147.29,3,441.87,0,2025,6,June,2025-06
ORD200897,19/06/2025,C87995,Laptop,358 Main St,Gift Card,Delivered,TRK38730545,SAVE10,Instagram,1925.92,4,481.48,5,1925.92,0,2025,6,June,2025-06
ORD200898,20/06/2025,C44619,Monitor,742 Main St,Cash,Shipped,TRK66662528,,Referral,475.11,3,158.37,6,475.11,0,2025,6,June,2025-06
ORD200899,21/06/2025,C99904,Printer,552 Main St,Online,Pending,TRK83843411,SAVE10,Instagram,646.74,2,323.37,3,646.74,0,2025,6,June,2025-06
ORD200900,22/06/2025,C52342,Laptop,991 Main St,Debit Card,Pending,TRK67342586,,Instagram,369.15,5,73.83,9,369.15,0,2025,6,June,2025-06
ORD200901,23/06/2025,C44277,Tablet,839 Main St,Debit Card,Returned,TRK79321479,WINTER15,Referral,458.63,1,458.63,4,458.63,0,2025,6,June,2025-06
ORD200902,24/06/2025,C61162,Monitor,813 Main St,Debit Card,Cancelled,TRK76712124,,Facebook,721,4,180.25,7,721,0,2025,6,June,2025-06
ORD200903,25/06/2025,C80868,Monitor,205 Main St,Credit Card,Pending,TRK56186636,,Email,1420.47,3,473.49,7,1420.47,0,2025,6,June,2025-06
ORD200904,26/06/2025,C16693,Monitor,262 Main St,Cash,Cancelled,TRK41146508,WINTER15,Referral,949.72,4,237.43,8,949.72,0,2025,6,June,2025-06
ORD200905,27/06/2025,C67818,Laptop,101 Main St,Gift Card,Pending,TRK81978113,FREESHIP,Facebook,442.39,1,442.39,6,442.39,0,2025,6,June,2025-06
ORD200906,28/06/2025,C49938,Monitor,141 Main St,Cash,Returned,TRK80175572,,Email,62.12,1,62.12,2,62.12,0,2025,6,June,2025-06
ORD200907,29/06/2025,C90898,Desk,583 Main St,Gift Card,Cancelled,TRK52935170,WINTER15,Referral,1491.95,5,298.39,7,1491.95,0,2025,6,June,2025-06
ORD200908,30/06/2025,C35117,Desk,332 Main St,Credit Card,Cancelled,TRK27155709,SAVE10,Google,1395.86,2,697.93,2,1395.86,0,2025,6,June,2025-06
ORD200909,01/07/2025,C60203,Tablet,569 Main St,Cash,Shipped,TRK76525279,FREESHIP,Instagram,583.7,2,291.85,5,583.7,0,2025,7,July,2025-07
ORD200910,02/07/2025,C36174,Printer,348 Main St,Cash,Delivered,TRK26397548,SAVE10,Instagram,926.94,3,308.98,3,926.94,0,2025,7,July,2025-07
ORD200911,03/07/2025,C80872,Desk,593 Main St,Cash,Cancelled,TRK43967487,SAVE10,Instagram,1984.3,5,396.86,9,1984.3,0,2025,7,July,2025-07
ORD200912,04/07/2025,C67604,Desk,318 Main St,Online,Returned,TRK85545920,FREESHIP,Email,279.38,2,139.69,7,279.38,0,2025,7,July,2025-07
ORD200913,05/07/2025,C45599,Printer,505 Main St,Credit Card,Returned,TRK62277685,WINTER15,Facebook,2379.75,5,475.95,8,2379.75,0,2025,7,July,2025-07
ORD200914,06/07/2025,C70352,Desk,955 Main St,Gift Card,Returned,TRK51589589,WINTER15,Facebook,626.6,1,626.6,4,626.6,0,2025,7,July,2025-07
ORD200915,07/07/2025,C20643,Laptop,939 Main St,Debit Card,Shipped,TRK30736692,WINTER15,Referral,2011.96,4,502.99,4,2011.96,0,2025,7,July,2025-07
ORD200916,08/07/2025,C35669,Printer,165 Main St,Cash,Returned,TRK13928455,,Referral,2894.15,5,578.83,6,2894.15,0,2025,7,July,2025-07
ORD200917,09/07/2025,C65524,Laptop,836 Main St,Credit Card,Returned,TRK19315310,FREESHIP,Google,1919.1,5,383.82,7,1919.1,0,2025,7,July,2025-07
ORD200918,10/07/2025,C74359,Laptop,706 Main St,Online,Delivered,TRK18250450,,Instagram,1841.25,5,368.25,5,1841.25,0,2025,7,July,2025-07
ORD200919,11/07/2025,C92086,Printer,187 Main St,Online,Shipped,TRK23357668,FREESHIP,Referral,749.2,2,374.6,3,749.2,0,2025,7,July,2025-07
ORD200920,12/07/2025,C26137,Tablet,978 Main St,Credit Card,Returned,TRK98110407,,Instagram,856.18,2,428.09,6,856.18,0,2025,7,July,2025-07
ORD200921,13/07/2025,C90573,Tablet,144 Main St,Gift Card,Cancelled,TRK90075720,SAVE10,Referral,438.93,1,438.93,3,438.93,0,2025,7,July,2025-07
ORD200922,14/07/2025,C81857,Desk,487 Main St,Credit Card,Pending,TRK79737732,,Instagram,1127.64,2,563.82,3,1127.64,0,2025,7,July,2025-07
ORD200923,15/07/2025,C91582,Printer,836 Main St,Credit Card,Pending,TRK99938245,WINTER15,Facebook,1949.79,3,649.93,7,1949.79,0,2025,7,July,2025-07
ORD200924,16/07/2025,C81319,Printer,991 Main St,Cash,Returned,TRK55330558,SAVE10,Email,1342.15,5,268.43,5,1342.15,0,2025,7,July,2025-07
ORD200925,17/07/2025,C78500,Monitor,304 Main St,Online,Shipped,TRK97460884,WINTER15,Email,2512.35,5,502.47,10,2512.35,0,2025,7,July,2025-07
ORD200926,18/07/2025,C67533,Desk,672 Main St,Cash,Delivered,TRK14566395,WINTER15,Email,26.95,1,26.95,1,26.95,0,2025,7,July,2025-07
ORD200927,19/07/2025,C35566,Laptop,638 Main St,Debit Card,Shipped,TRK10003020,WINTER15,Google,258.76,4,64.69,7,258.76,0,2025,7,July,2025-07
ORD200928,20/07/2025,C77166,Laptop,821 Main St,Debit Card,Returned,TRK18896595,WINTER15,Referral,741.33,3,247.11,3,741.33,0,2025,7,July,2025-07
ORD200929,21/07/2025,C67936,Tablet,553 Main St,Debit Card,Pending,TRK71803414,,Email,1072.5,2,536.25,3,1072.5,0,2025,7,July,2025-07
ORD200930,22/07/2025,C59554,Phone,382 Main St,Debit Card,Returned,TRK28182447,FREESHIP,Email,912.08,2,456.04,4,912.08,0,2025,7,July,2025-07
ORD200931,23/07/2025,C14005,Printer,623 Main St,Credit Card,Cancelled,TRK87567926,SAVE10,Google,80.46,2,40.23,4,80.46,0,2025,7,July,2025-07
ORD200932,24/07/2025,C26118,Laptop,168 Main St,Online,Delivered,TRK15334251,WINTER15,Instagram,144.78,2,72.39,7,144.78,0,2025,7,July,2025-07
ORD200933,25/07/2025,C59685,Monitor,255 Main St,Online,Shipped,TRK43718093,,Referral,788.32,2,394.16,2,788.32,0,2025,7,July,2025-07
ORD200934,26/07/2025,C40304,Laptop,692 Main St,Gift Card,Shipped,TRK85790948,FREESHIP,Referral,479.36,4,119.84,8,479.36,0,2025,7,July,2025-07
ORD200935,27/07/2025,C39593,Phone,398 Main St,Credit Card,Delivered,TRK62405253,FREESHIP,Instagram,2078.13,3,692.71,3,2078.13,0,2025,7,July,2025-07
ORD200936,28/07/2025,C50612,Chair,737 Main St,Online,Delivered,TRK44140968,SAVE10,Instagram,226.64,4,56.66,4,226.64,0,2025,7,July,2025-07
ORD200937,29/07/2025,C39791,Chair,536 Main St,Debit Card,Cancelled,TRK46221436,WINTER15,Email,597.06,2,298.53,5,597.06,0,2025,7,July,2025-07
ORD200938,30/07/2025,C39017,Chair,696 Main St,Credit Card,Cancelled,TRK91155214,WINTER15,Referral,994.38,3,331.46,6,994.38,0,2025,7,July,2025-07
ORD200939,31/07/2025,C48510,Laptop,212 Main St,Cash,Delivered,TRK53152886,SAVE10,Instagram,1042.8,2,521.4,7,1042.8,0,2025,7,July,2025-07
ORD200940,01/08/2025,C74003,Printer,679 Main St,Online,Cancelled,TRK91525779,SAVE10,Google,1221.28,4,305.32,4,1221.28,0,2025,8,August,2025-08
ORD200941,02/08/2025,C91155,Printer,599 Main St,Credit Card,Cancelled,TRK82162952,FREESHIP,Email,558.5,5,111.7,9,558.5,0,2025,8,August,2025-08
ORD200942,03/08/2025,C17591,Tablet,882 Main St,Credit Card,Pending,TRK56070470,,Email,479.76,1,479.76,1,479.76,0,2025,8,August,2025-08
ORD200943,04/08/2025,C43330,Monitor,355 Main St,Gift Card,Returned,TRK71594838,FREESHIP,Facebook,580.47,3,193.49,6,580.47,0,2025,8,August,2025-08
ORD200944,05/08/2025,C32687,Laptop,448 Main St,Online,Delivered,TRK98284560,WINTER15,Google,852.44,2,426.22,7,852.44,0,2025,8,August,2025-08
ORD200945,06/08/2025,C79722,Tablet,619 Main St,Gift Card,Shipped,TRK29976438,FREESHIP,Referral,1382.2,5,276.44,10,1382.2,0,2025,8,August,2025-08
ORD200946,07/08/2025,C65021,Phone,546 Main St,Cash,Shipped,TRK20626179,SAVE10,Email,809.92,2,404.96,4,809.92,0,2025,8,August,2025-08
ORD200947,08/08/2025,C85520,Phone,119 Main St,Online,Returned,TRK65994177,FREESHIP,Email,1862.64,4,465.66,9,1862.64,0,2025,8,August,2025-08
ORD200948,09/08/2025,C94569,Phone,739 Main St,Gift Card,Cancelled,TRK79269291,,Google,1188.14,2,594.07,2,1188.14,0,2025,8,August,2025-08
ORD200949,10/08/2025,C55778,Desk,319 Main St,Cash,Pending,TRK93797108,,Referral,551.9,5,110.38,10,551.9,0,2025,8,August,2025-08
ORD200950,11/08/2025,C19722,Laptop,891 Main St,Credit Card,Returned,TRK78094361,FREESHIP,Instagram,596.24,1,596.24,4,596.24,0,2025,8,August,2025-08
ORD200951,12/08/2025,C74928,Printer,589 Main St,Online,Returned,TRK39845914,FREESHIP,Email,612.48,2,306.24,4,612.48,0,2025,8,August,2025-08
ORD200952,13/08/2025,C49111,Monitor,225 Main St,Online,Pending,TRK45303393,,Facebook,1510.17,3,503.39,5,1510.17,0,2025,8,August,2025-08
ORD200953,14/08/2025,C43721,Phone,971 Main St,Cash,Shipped,TRK89392104,FREESHIP,Facebook,131.61,1,131.61,2,131.61,0,2025,8,August,2025-08
ORD200954,15/08/2025,C68609,Chair,240 Main St,Gift Card,Shipped,TRK58273778,FREESHIP,Google,1330.32,3,443.44,3,1330.32,0,2025,8,August,2025-08
ORD200955,16/08/2025,C82068,Chair,164 Main St,Gift Card,Shipped,TRK25779180,WINTER15,Instagram,408.13,1,408.13,3,408.13,0,2025,8,August,2025-08
ORD200956,17/08/2025,C21191,Phone,381 Main St,Debit Card,Delivered,TRK86246309,SAVE10,Referral,321.96,2,160.98,3,321.96,0,2025,8,August,2025-08
ORD200957,18/08/2025,C73575,Monitor,851 Main St,Cash,Returned,TRK23387612,WINTER15,Facebook,3219.45,5,643.89,8,3219.45,0,2025,8,August,2025-08
ORD200958,19/08/2025,C82685,Desk,537 Main St,Gift Card,Delivered,TRK70184320,WINTER15,Email,475.98,3,158.66,7,475.98,0,2025,8,August,2025-08
ORD200959,20/08/2025,C73996,Tablet,856 Main St,Credit Card,Returned,TRK74579570,SAVE10,Instagram,287.64,2,143.82,6,287.64,0,2025,8,August,2025-08
ORD200960,21/08/2025,C87687,Laptop,312 Main St,Gift Card,Pending,TRK60383805,WINTER15,Google,1137.21,3,379.07,3,1137.21,0,2025,8,August,2025-08
ORD200961,22/08/2025,C55464,Phone,532 Main St,Online,Shipped,TRK81178598,,Facebook,601.36,1,601.36,1,601.36,0,2025,8,August,2025-08
ORD200962,23/08/2025,C12459,Phone,838 Main St,Gift Card,Delivered,TRK30674085,SAVE10,Referral,284.16,2,142.08,4,284.16,0,2025,8,August,2025-08
ORD200963,24/08/2025,C88075,Chair,970 Main St,Online,Shipped,TRK42832976,FREESHIP,Google,2651.7,5,530.34,9,2651.7,0,2025,8,August,2025-08
ORD200964,25/08/2025,C18583,Phone,778 Main St,Credit Card,Cancelled,TRK43084595,SAVE10,Referral,1822.1,5,364.42,10,1822.1,0,2025,8,August,2025-08
ORD200965,26/08/2025,C70412,Laptop,791 Main St,Gift Card,Cancelled,TRK22192783,FREESHIP,Email,2313.12,4,578.28,5,2313.12,0,2025,8,August,2025-08
ORD200966,27/08/2025,C58503,Monitor,290 Main St,Credit Card,Cancelled,TRK12981657,WINTER15,Facebook,1402.6,5,280.52,7,1402.6,0,2025,8,August,2025-08
ORD200967,28/08/2025,C52879,Tablet,502 Main St,Credit Card,Returned,TRK67403284,FREESHIP,Google,3194.6,5,638.92,5,3194.6,0,2025,8,August,2025-08
ORD200968,29/08/2025,C67870,Monitor,664 Main St,Credit Card,Shipped,TRK72602178,WINTER15,Referral,1648.8,4,412.2,6,1648.8,0,2025,8,August,2025-08
ORD200969,30/08/2025,C19439,Desk,675 Main St,Gift Card,Shipped,TRK25383993,WINTER15,Facebook,440.34,1,440.34,2,440.34,0,2025,8,August,2025-08
ORD200970,31/08/2025,C72664,Desk,241 Main St,Cash,Delivered,TRK86694331,SAVE10,Instagram,627.15,1,627.15,5,627.15,0,2025,8,August,2025-08
ORD200971,01/09/2025,C32650,Monitor,934 Main St,Cash,Cancelled,TRK66648743,WINTER15,Referral,1210.52,2,605.26,4,1210.52,0,2025,9,September,2025-09
ORD200972,02/09/2025,C66438,Laptop,816 Main St,Cash,Delivered,TRK32035271,SAVE10,Facebook,90.27,1,90.27,5,90.27,0,2025,9,September,2025-09
ORD200973,03/09/2025,C70010,Desk,141 Main St,Online,Pending,TRK50594008,WINTER15,Referral,1153.85,5,230.77,10,1153.85,0,2025,9,September,2025-09
ORD200974,04/09/2025,C30722,Desk,274 Main St,Gift Card,Cancelled,TRK52088168,,Email,1333.9,5,266.78,5,1333.9,0,2025,9,September,2025-09
ORD200975,05/09/2025,C70529,Desk,974 Main St,Gift Card,Returned,TRK82165408,SAVE10,Email,105.92,1,105.92,6,105.92,0,2025,9,September,2025-09
ORD200976,06/09/2025,C18984,Tablet,650 Main St,Credit Card,Returned,TRK49298239,WINTER15,Referral,1767.9,3,589.3,6,1767.9,0,2025,9,September,2025-09
ORD200977,07/09/2025,C85841,Chair,608 Main St,Cash,Pending,TRK99820544,SAVE10,Google,2597.88,4,649.47,8,2597.88,0,2025,9,September,2025-09
ORD200978,08/09/2025,C41508,Printer,993 Main St,Cash,Delivered,TRK61047536,,Google,429.96,4,107.49,5,429.96,0,2025,9,September,2025-09
ORD200979,09/09/2025,C75018,Monitor,299 Main St,Cash,Delivered,TRK51794806,SAVE10,Facebook,2007.18,3,669.06,7,2007.18,0,2025,9,September,2025-09
ORD200980,10/09/2025,C84320,Chair,107 Main St,Cash,Delivered,TRK81093218,WINTER15,Instagram,208.95,3,69.65,7,208.95,0,2025,9,September,2025-09
ORD200981,11/09/2025,C12609,Phone,490 Main St,Debit Card,Pending,TRK56379337,SAVE10,Email,547.32,4,136.83,8,547.32,0,2025,9,September,2025-09
ORD200982,12/09/2025,C64935,Monitor,707 Main St,Gift Card,Shipped,TRK42969065,SAVE10,Referral,304.11,1,304.11,2,304.11,0,2025,9,September,2025-09
ORD200983,13/09/2025,C67528,Monitor,110 Main St,Gift Card,Shipped,TRK60865210,SAVE10,Email,1185.12,4,296.28,5,1185.12,0,2025,9,September,2025-09
ORD200984,14/09/2025,C44176,Desk,706 Main St,Credit Card,Shipped,TRK68704764,FREESHIP,Facebook,77.64,1,77.64,1,77.64,0,2025,9,September,2025-09
ORD200985,15/09/2025,C92788,Desk,948 Main St,Gift Card,Delivered,TRK83835361,SAVE10,Google,243.71,1,243.71,6,243.71,0,2025,9,September,2025-09
ORD200986,16/09/2025,C69213,Laptop,533 Main St,Credit Card,Pending,TRK67837331,FREESHIP,Email,2579.84,4,644.96,7,2579.84,0,2025,9,September,2025-09
ORD200987,17/09/2025,C67387,Phone,436 Main St,Gift Card,Pending,TRK54120003,FREESHIP,Instagram,1418.65,5,283.73,8,1418.65,0,2025,9,September,2025-09
ORD200988,18/09/2025,C90318,Desk,818 Main St,Gift Card,Cancelled,TRK52765043,WINTER15,Instagram,1259.12,2,629.56,5,1259.12,0,2025,9,September,2025-09
ORD200989,19/09/2025,C49995,Laptop,559 Main St,Credit Card,Pending,TRK33212013,SAVE10,Instagram,984.44,4,246.11,4,984.44,0,2025,9,September,2025-09
ORD200990,20/09/2025,C52313,Phone,913 Main St,Debit Card,Pending,TRK67368559,SAVE10,Google,836.52,2,418.26,2,836.52,0,2025,9,September,2025-09
ORD200991,21/09/2025,C10211,Desk,598 Main St,Debit Card,Cancelled,TRK68938335,FREESHIP,Google,635.9,5,127.18,10,635.9,0,2025,9,September,2025-09
ORD200992,22/09/2025,C97907,Printer,933 Main St,Gift Card,Pending,TRK89637569,WINTER15,Referral,1758.63,3,586.21,4,1758.63,0,2025,9,September,2025-09
ORD200993,23/09/2025,C61384,Monitor,576 Main St,Gift Card,Delivered,TRK33323210,WINTER15,Instagram,802.35,3,267.45,5,802.35,0,2025,9,September,2025-09
ORD200994,24/09/2025,C27613,Tablet,971 Main St,Debit Card,Delivered,TRK63701318,WINTER15,Google,2462.6,4,615.65,9,2462.6,0,2025,9,September,2025-09
ORD200995,25/09/2025,C99271,Monitor,959 Main St,Cash,Pending,TRK87832736,SAVE10,Facebook,226.58,2,113.29,5,226.58,0,2025,9,September,2025-09
ORD200996,26/09/2025,C28648,Monitor,101 Main St,Debit Card,Delivered,TRK92240846,SAVE10,Facebook,1895.44,4,473.86,7,1895.44,0,2025,9,September,2025-09
ORD200997,27/09/2025,C26210,Laptop,805 Main St,Cash,Delivered,TRK40616861,SAVE10,Facebook,1334.25,3,444.75,6,1334.25,0,2025,9,September,2025-09
ORD200998,28/09/2025,C90350,Phone,783 Main St,Debit Card,Cancelled,TRK22824230,SAVE10,Google,367.34,2,183.67,6,367.34,0,2025,9,September,2025-09
ORD200999,29/09/2025,C61957,Printer,652 Main St,Cash,Pending,TRK43983841,FREESHIP,Google,483.38,1,483.38,6,483.38,0,2025,9,September,2025-09
ORD201000,30/09/2025,C90132,Printer,582 Main St,Online,Delivered,TRK52664903,SAVE10,Email,1304.65,5,260.93,9,1304.65,0,2025,9,September,2025-09
ORD201001,01/10/2025,C31371,Printer,122 Main St,Gift Card,Shipped,TRK19554327,,Referral,507.36,2,253.68,6,507.36,0,2025,10,October,2025-10
ORD201002,02/10/2025,C83911,Tablet,944 Main St,Cash,Pending,TRK33188106,WINTER15,Referral,2799.52,4,699.88,5,2799.52,0,2025,10,October,2025-10
ORD201003,03/10/2025,C84700,Printer,582 Main St,Cash,Shipped,TRK14706969,SAVE10,Google,1599.85,5,319.97,7,1599.85,0,2025,10,October,2025-10
ORD201004,04/10/2025,C87529,Chair,296 Main St,Online,Pending,TRK15739505,SAVE10,Referral,987.64,4,246.91,8,987.64,0,2025,10,October,2025-10
ORD201005,05/10/2025,C38065,Printer,426 Main St,Credit Card,Returned,TRK11448295,,Google,1178.55,3,392.85,6,1178.55,0,2025,10,October,2025-10
ORD201006,06/10/2025,C27435,Tablet,860 Main St,Cash,Delivered,TRK91458233,SAVE10,Facebook,2104.9,5,420.98,7,2104.9,0,2025,10,October,2025-10
ORD201007,07/10/2025,C46651,Monitor,839 Main St,Cash,Pending,TRK60444502,WINTER15,Facebook,146.52,2,73.26,4,146.52,0,2025,10,October,2025-10
ORD201008,08/10/2025,C62557,Monitor,257 Main St,Cash,Delivered,TRK12742366,FREESHIP,Instagram,1232.64,3,410.88,8,1232.64,0,2025,10,October,2025-10
ORD201009,09/10/2025,C54494,Tablet,696 Main St,Credit Card,Delivered,TRK95958645,FREESHIP,Email,352.92,2,176.46,2,352.92,0,2025,10,October,2025-10
ORD201010,10/10/2025,C33729,Monitor,533 Main St,Credit Card,Cancelled,TRK35649833,SAVE10,Email,1978.71,3,659.57,6,1978.71,0,2025,10,October,2025-10
ORD201011,11/10/2025,C47823,Phone,654 Main St,Online,Shipped,TRK22271097,,Google,956.72,2,478.36,3,956.72,0,2025,10,October,2025-10
ORD201012,12/10/2025,C84570,Printer,301 Main St,Online,Returned,TRK12551882,,Facebook,120.2,4,30.05,6,120.2,0,2025,10,October,2025-10
ORD201013,13/10/2025,C91123,Laptop,842 Main St,Cash,Cancelled,TRK49568409,FREESHIP,Facebook,1202.24,4,300.56,9,1202.24,0,2025,10,October,2025-10
ORD201014,14/10/2025,C92548,Tablet,160 Main St,Debit Card,Returned,TRK21682892,FREESHIP,Email,1132.25,5,226.45,6,1132.25,0,2025,10,October,2025-10
ORD201015,15/10/2025,C97454,Printer,892 Main St,Online,Shipped,TRK73249329,SAVE10,Instagram,698.8,2,349.4,2,698.8,0,2025,10,October,2025-10
ORD201016,16/10/2025,C20257,Tablet,669 Main St,Debit Card,Delivered,TRK62135578,WINTER15,Email,1343.9,5,268.78,7,1343.9,0,2025,10,October,2025-10
ORD201017,17/10/2025,C51694,Chair,953 Main St,Gift Card,Delivered,TRK83122112,FREESHIP,Referral,1361.7,2,680.85,6,1361.7,0,2025,10,October,2025-10
ORD201018,18/10/2025,C77499,Laptop,209 Main St,Cash,Delivered,TRK20703086,,Instagram,547.44,3,182.48,3,547.44,0,2025,10,October,2025-10
ORD201019,19/10/2025,C28386,Desk,293 Main St,Cash,Returned,TRK32954229,SAVE10,Referral,277.09,1,277.09,2,277.09,0,2025,10,October,2025-10
ORD201020,20/10/2025,C50211,Tablet,312 Main St,Online,Delivered,TRK47787981,SAVE10,Instagram,53,2,26.5,3,53,0,2025,10,October,2025-10
ORD201021,21/10/2025,C74519,Phone,309 Main St,Credit Card,Cancelled,TRK97351945,SAVE10,Email,945.81,3,315.27,4,945.81,0,2025,10,October,2025-10
ORD201022,22/10/2025,C19071,Tablet,396 Main St,Credit Card,Shipped,TRK66537096,SAVE10,Referral,1352.94,3,450.98,8,1352.94,0,2025,10,October,2025-10
ORD201023,23/10/2025,C65251,Laptop,291 Main St,Cash,Shipped,TRK32059025,,Referral,1168.35,5,233.67,10,1168.35,0,2025,10,October,2025-10
ORD201024,24/10/2025,C90612,Chair,731 Main St,Cash,Pending,TRK93022878,FREESHIP,Facebook,1103.25,3,367.75,7,1103.25,0,2025,10,October,2025-10
ORD201025,25/10/2025,C28406,Chair,174 Main St,Gift Card,Delivered,TRK98841457,FREESHIP,Instagram,23.53,1,23.53,2,23.53,0,2025,10,October,2025-10
ORD201026,26/10/2025,C55454,Monitor,807 Main St,Online,Delivered,TRK13281370,WINTER15,Facebook,677.48,1,677.48,1,677.48,0,2025,10,October,2025-10
ORD201027,27/10/2025,C93467,Laptop,983 Main St,Cash,Returned,TRK77377373,,Google,2219.32,4,554.83,6,2219.32,0,2025,10,October,2025-10
ORD201028,28/10/2025,C60042,Desk,610 Main St,Cash,Cancelled,TRK84651559,,Instagram,1761.24,4,440.31,6,1761.24,0,2025,10,October,2025-10
ORD201029,29/10/2025,C44733,Desk,851 Main St,Credit Card,Shipped,TRK41500198,FREESHIP,Email,87.06,1,87.06,4,87.06,0,2025,10,October,2025-10
ORD201030,30/10/2025,C61773,Phone,176 Main St,Credit Card,Delivered,TRK12936357,WINTER15,Email,981.12,4,245.28,6,981.12,0,2025,10,October,2025-10
ORD201031,31/10/2025,C59183,Phone,136 Main St,Debit Card,Pending,TRK18129706,SAVE10,Email,3322.55,5,664.51,8,3322.55,0,2025,10,October,2025-10
ORD201032,01/11/2025,C26188,Chair,990 Main St,Online,Delivered,TRK61634201,WINTER15,Referral,618.68,1,618.68,6,618.68,0,2025,11,November,2025-11
ORD201033,02/11/2025,C20338,Monitor,331 Main St,Gift Card,Delivered,TRK30654048,FREESHIP,Referral,370.85,1,370.85,2,370.85,0,2025,11,November,2025-11
ORD201034,03/11/2025,C84524,Printer,766 Main St,Cash,Cancelled,TRK76751888,FREESHIP,Facebook,2071.92,4,517.98,8,2071.92,0,2025,11,November,2025-11
ORD201035,04/11/2025,C70315,Laptop,911 Main St,Cash,Cancelled,TRK97732085,,Referral,2024.44,4,506.11,5,2024.44,0,2025,11,November,2025-11
ORD201036,05/11/2025,C98278,Phone,552 Main St,Gift Card,Shipped,TRK49684737,SAVE10,Facebook,1241.49,3,413.83,8,1241.49,0,2025,11,November,2025-11
ORD201037,06/11/2025,C32347,Printer,408 Main St,Cash,Pending,TRK54073964,SAVE10,Google,249.81,1,249.81,1,249.81,0,2025,11,November,2025-11
ORD201038,07/11/2025,C77961,Tablet,422 Main St,Debit Card,Returned,TRK28969024,,Facebook,1087.59,3,362.53,5,1087.59,0,2025,11,November,2025-11
ORD201039,08/11/2025,C49137,Desk,177 Main St,Credit Card,Cancelled,TRK79362428,WINTER15,Instagram,598.46,2,299.23,2,598.46,0,2025,11,November,2025-11
ORD201040,09/11/2025,C13169,Tablet,932 Main St,Debit Card,Delivered,TRK66288666,FREESHIP,Google,536.07,1,536.07,5,536.07,0,2025,11,November,2025-11
ORD201041,10/11/2025,C21167,Monitor,948 Main St,Gift Card,Shipped,TRK97737564,WINTER15,Google,2235.6,4,558.9,9,2235.6,0,2025,11,November,2025-11
ORD201042,11/11/2025,C59724,Tablet,414 Main St,Debit Card,Shipped,TRK67878272,WINTER15,Facebook,819.5,2,409.75,2,819.5,0,2025,11,November,2025-11
ORD201043,12/11/2025,C43965,Tablet,675 Main St,Gift Card,Shipped,TRK94346739,,Instagram,359.92,2,179.96,5,359.92,0,2025,11,November,2025-11
ORD201044,13/11/2025,C63018,Printer,215 Main St,Credit Card,Delivered,TRK52335337,FREESHIP,Referral,38.49,1,38.49,4,38.49,0,2025,11,November,2025-11
ORD201045,14/11/2025,C11893,Laptop,671 Main St,Gift Card,Returned,TRK72012758,,Email,1582,5,316.4,7,1582,0,2025,11,November,2025-11
ORD201046,15/11/2025,C85421,Tablet,466 Main St,Online,Shipped,TRK16524006,WINTER15,Instagram,1641.45,3,547.15,4,1641.45,0,2025,11,November,2025-11
ORD201047,16/11/2025,C81726,Chair,394 Main St,Gift Card,Shipped,TRK69872994,WINTER15,Referral,2161.36,4,540.34,6,2161.36,0,2025,11,November,2025-11
ORD201048,17/11/2025,C57601,Monitor,889 Main St,Debit Card,Shipped,TRK21153699,,Google,294.6,4,73.65,9,294.6,0,2025,11,November,2025-11
ORD201049,18/11/2025,C60575,Desk,587 Main St,Credit Card,Shipped,TRK44468232,,Instagram,1959.3,5,391.86,6,1959.3,0,2025,11,November,2025-11
ORD201050,19/11/2025,C70659,Laptop,722 Main St,Online,Returned,TRK49663597,,Instagram,348.5,5,69.7,9,348.5,0,2025,11,November,2025-11
ORD201051,20/11/2025,C35043,Monitor,820 Main St,Gift Card,Shipped,TRK65097450,FREESHIP,Facebook,132.15,5,26.43,5,132.15,0,2025,11,November,2025-11
ORD201052,21/11/2025,C12301,Tablet,493 Main St,Online,Shipped,TRK25145796,WINTER15,Google,531.74,1,531.74,1,531.74,0,2025,11,November,2025-11
ORD201053,22/11/2025,C32798,Phone,679 Main St,Online,Pending,TRK37375451,SAVE10,Instagram,993.24,2,496.62,2,993.24,0,2025,11,November,2025-11
ORD201054,23/11/2025,C42949,Printer,447 Main St,Debit Card,Delivered,TRK46415143,WINTER15,Instagram,660.66,1,660.66,3,660.66,0,2025,11,November,2025-11
ORD201055,24/11/2025,C10787,Monitor,932 Main St,Debit Card,Delivered,TRK91512567,WINTER15,Email,1099.28,4,274.82,9,1099.28,0,2025,11,November,2025-11
ORD201056,25/11/2025,C26152,Phone,790 Main St,Online,Pending,TRK49382455,SAVE10,Referral,972.7,2,486.35,6,972.7,0,2025,11,November,2025-11
ORD201057,26/11/2025,C46210,Laptop,535 Main St,Debit Card,Shipped,TRK81611937,WINTER15,Facebook,1286.64,3,428.88,3,1286.64,0,2025,11,November,2025-11
ORD201058,27/11/2025,C32943,Desk,127 Main St,Credit Card,Returned,TRK26949106,FREESHIP,Instagram,824.28,2,412.14,2,824.28,0,2025,11,November,2025-11
ORD201059,28/11/2025,C73629,Desk,601 Main St,Credit Card,Returned,TRK11492924,WINTER15,Instagram,265.64,1,265.64,3,265.64,0,2025,11,November,2025-11
ORD201060,29/11/2025,C38024,Tablet,824 Main St,Cash,Shipped,TRK93370912,WINTER15,Referral,546.86,2,273.43,7,546.86,0,2025,11,November,2025-11
ORD201061,30/11/2025,C25445,Laptop,830 Main St,Cash,Shipped,TRK12402431,FREESHIP,Google,658.5,5,131.7,8,658.5,0,2025,11,November,2025-11
ORD201062,01/12/2025,C13501,Chair,301 Main St,Gift Card,Cancelled,TRK65149372,,Facebook,427.6,5,85.52,5,427.6,0,2025,12,December,2025-12
ORD201063,02/12/2025,C42108,Desk,336 Main St,Credit Card,Shipped,TRK58407918,FREESHIP,Referral,641.36,2,320.68,5,641.36,0,2025,12,December,2025-12
ORD201064,03/12/2025,C32121,Laptop,654 Main St,Cash,Returned,TRK96074264,FREESHIP,Referral,795.24,4,198.81,9,795.24,0,2025,12,December,2025-12
ORD201065,04/12/2025,C47778,Printer,488 Main St,Debit Card,Delivered,TRK79504329,SAVE10,Referral,3334,5,666.8,7,3334,0,2025,12,December,2025-12
ORD201066,05/12/2025,C10791,Desk,674 Main St,Debit Card,Cancelled,TRK20321248,SAVE10,Instagram,355.09,1,355.09,5,355.09,0,2025,12,December,2025-12
ORD201067,06/12/2025,C78959,Phone,384 Main St,Online,Returned,TRK37426359,,Instagram,632.4,2,316.2,2,632.4,0,2025,12,December,2025-12
ORD201068,07/12/2025,C29914,Laptop,469 Main St,Debit Card,Shipped,TRK22073506,SAVE10,Referral,133.39,1,133.39,2,133.39,0,2025,12,December,2025-12
ORD201069,08/12/2025,C70506,Monitor,255 Main St,Gift Card,Returned,TRK12518384,,Facebook,454.23,1,454.23,3,454.23,0,2025,12,December,2025-12
ORD201070,09/12/2025,C46873,Desk,496 Main St,Debit Card,Pending,TRK10926575,,Email,1965.16,4,491.29,6,1965.16,0,2025,12,December,2025-12
ORD201071,10/12/2025,C94037,Phone,216 Main St,Cash,Shipped,TRK47536985,,Google,510.28,2,255.14,2,510.28,0,2025,12,December,2025-12
ORD201072,11/12/2025,C88644,Monitor,977 Main St,Gift Card,Cancelled,TRK14900878,SAVE10,Referral,392.61,1,392.61,4,392.61,0,2025,12,December,2025-12
ORD201073,12/12/2025,C69471,Tablet,294 Main St,Debit Card,Returned,TRK11107152,,Facebook,1448.24,4,362.06,4,1448.24,0,2025,12,December,2025-12
ORD201074,13/12/2025,C21437,Phone,120 Main St,Online,Returned,TRK81624772,,Google,222.73,1,222.73,4,222.73,0,2025,12,December,2025-12
ORD201075,14/12/2025,C40949,Monitor,609 Main St,Debit Card,Delivered,TRK43066749,WINTER15,Instagram,1105.26,2,552.63,7,1105.26,0,2025,12,December,2025-12
ORD201076,15/12/2025,C99116,Laptop,176 Main St,Cash,Shipped,TRK52711973,,Referral,2746.44,4,686.61,6,2746.44,0,2025,12,December,2025-12
ORD201077,16/12/2025,C57861,Printer,115 Main St,Credit Card,Cancelled,TRK47775217,SAVE10,Referral,915.48,3,305.16,8,915.48,0,2025,12,December,2025-12
ORD201078,17/12/2025,C62627,Desk,881 Main St,Online,Returned,TRK90060232,WINTER15,Email,41.09,1,41.09,4,41.09,0,2025,12,December,2025-12
ORD201079,18/12/2025,C89979,Phone,144 Main St,Gift Card,Delivered,TRK99055909,,Email,3170,5,634,8,3170,0,2025,12,December,2025-12
ORD201080,19/12/2025,C70613,Laptop,438 Main St,Gift Card,Delivered,TRK33140293,,Referral,2323.7,5,464.74,7,2323.7,0,2025,12,December,2025-12
ORD201081,20/12/2025,C55636,Monitor,494 Main St,Credit Card,Pending,TRK85897054,FREESHIP,Google,1702.4,4,425.6,5,1702.4,0,2025,12,December,2025-12
ORD201082,21/12/2025,C96595,Chair,177 Main St,Debit Card,Pending,TRK59779174,SAVE10,Email,1719.66,3,573.22,5,1719.66,0,2025,12,December,2025-12
ORD201083,22/12/2025,C68508,Chair,895 Main St,Credit Card,Delivered,TRK98960285,SAVE10,Email,123.28,1,123.28,3,123.28,0,2025,12,December,2025-12
ORD201084,23/12/2025,C45175,Phone,128 Main St,Gift Card,Pending,TRK41792296,WINTER15,Instagram,70.82,1,70.82,1,70.82,0,2025,12,December,2025-12
ORD201085,24/12/2025,C28049,Printer,404 Main St,Debit Card,Shipped,TRK91426444,WINTER15,Instagram,1293.38,2,646.69,7,1293.38,0,2025,12,December,2025-12
ORD201086,25/12/2025,C46967,Tablet,401 Main St,Online,Pending,TRK91439791,WINTER15,Instagram,1026.84,2,513.42,5,1026.84,0,2025,12,December,2025-12
ORD201087,26/12/2025,C84134,Laptop,530 Main St,Online,Shipped,TRK48659380,SAVE10,Instagram,2772.28,4,693.07,8,2772.28,0,2025,12,December,2025-12
ORD201088,27/12/2025,C49831,Desk,213 Main St,Gift Card,Shipped,TRK21232601,WINTER15,Instagram,1474.29,3,491.43,6,1474.29,0,2025,12,December,2025-12
ORD201089,28/12/2025,C13324,Tablet,440 Main St,Gift Card,Shipped,TRK66967997,,Instagram,1199.48,2,599.74,2,1199.48,0,2025,12,December,2025-12
ORD201090,29/12/2025,C61225,Monitor,996 Main St,Gift Card,Returned,TRK37022954,,Instagram,1300.5,2,650.25,6,1300.5,0,2025,12,December,2025-12
ORD201091,30/12/2025,C16400,Laptop,123 Main St,Debit Card,Pending,TRK57771859,,Email,628.44,3,209.48,4,628.44,0,2025,12,December,2025-12
ORD201092,31/12/2025,C38642,Laptop,930 Main St,Debit Card,Delivered,TRK47744396,WINTER15,Email,1046,5,209.2,6,1046,0,2025,12,December,2025-12
ORD201093,01/01/2026,C86773,Phone,557 Main St,Gift Card,Returned,TRK22612240,FREESHIP,Instagram,789.44,4,197.36,9,789.44,0,2026,1,January,2026-01
ORD201094,02/01/2026,C66093,Printer,615 Main St,Credit Card,Shipped,TRK54950785,SAVE10,Instagram,2595.64,4,648.91,6,2595.64,0,2026,1,January,2026-01
ORD201095,03/01/2026,C33051,Phone,397 Main St,Online,Delivered,TRK92929755,SAVE10,Email,883.08,2,441.54,2,883.08,0,2026,1,January,2026-01
ORD201096,04/01/2026,C18169,Tablet,782 Main St,Debit Card,Returned,TRK49482923,,Facebook,929.84,2,464.92,2,929.84,0,2026,1,January,2026-01
ORD201097,05/01/2026,C81370,Monitor,344 Main St,Gift Card,Shipped,TRK99682998,WINTER15,Google,2532.25,5,506.45,7,2532.25,0,2026,1,January,2026-01
ORD201098,06/01/2026,C91103,Monitor,155 Main St,Credit Card,Delivered,TRK91653000,,Email,1023.44,4,255.86,7,1023.44,0,2026,1,January,2026-01
ORD201099,07/01/2026,C21953,Laptop,272 Main St,Cash,Cancelled,TRK60774796,FREESHIP,Email,250.46,2,125.23,3,250.46,0,2026,1,January,2026-01
ORD201100,08/01/2026,C15146,Laptop,428 Main St,Debit Card,Cancelled,TRK79790530,WINTER15,Instagram,190.55,5,38.11,6,190.55,0,2026,1,January,2026-01
ORD201101,09/01/2026,C43546,Monitor,904 Main St,Cash,Pending,TRK85871121,SAVE10,Email,485.91,3,161.97,4,485.91,0,2026,1,January,2026-01
ORD201102,10/01/2026,C98474,Chair,997 Main St,Debit Card,Shipped,TRK86192984,,Instagram,1388.68,4,347.17,8,1388.68,0,2026,1,January,2026-01
ORD201103,11/01/2026,C90292,Laptop,129 Main St,Online,Delivered,TRK26270357,,Google,1105.28,4,276.32,5,1105.28,0,2026,1,January,2026-01
ORD201104,12/01/2026,C17075,Tablet,850 Main St,Online,Shipped,TRK63547510,,Instagram,1259.04,4,314.76,8,1259.04,0,2026,1,January,2026-01
ORD201105,13/01/2026,C12487,Tablet,884 Main St,Gift Card,Cancelled,TRK23324770,FREESHIP,Google,1427.07,3,475.69,3,1427.07,0,2026,1,January,2026-01
ORD201106,14/01/2026,C34555,Chair,903 Main St,Cash,Cancelled,TRK72859458,SAVE10,Facebook,372.8,1,372.8,6,372.8,0,2026,1,January,2026-01
ORD201107,15/01/2026,C25110,Tablet,282 Main St,Online,Cancelled,TRK80963328,SAVE10,Google,126.42,2,63.21,4,126.42,0,2026,1,January,2026-01
ORD201108,16/01/2026,C35136,Laptop,462 Main St,Online,Cancelled,TRK49753703,WINTER15,Instagram,634.94,1,634.94,5,634.94,0,2026,1,January,2026-01
ORD201109,17/01/2026,C62277,Printer,474 Main St,Gift Card,Returned,TRK32026174,SAVE10,Instagram,309.88,4,77.47,7,309.88,0,2026,1,January,2026-01
ORD201110,18/01/2026,C12472,Chair,912 Main St,Credit Card,Shipped,TRK36103184,SAVE10,Email,252.93,3,84.31,3,252.93,0,2026,1,January,2026-01
ORD201111,19/01/2026,C24047,Monitor,362 Main St,Online,Cancelled,TRK91338580,FREESHIP,Instagram,937.8,4,234.45,9,937.8,0,2026,1,January,2026-01
ORD201112,20/01/2026,C76929,Desk,563 Main St,Online,Delivered,TRK80694400,WINTER15,Instagram,356.81,1,356.81,1,356.81,0,2026,1,January,2026-01
ORD201113,21/01/2026,C52914,Desk,168 Main St,Cash,Delivered,TRK80819053,,Google,839.96,4,209.99,8,839.96,0,2026,1,January,2026-01
ORD201114,22/01/2026,C55164,Tablet,609 Main St,Gift Card,Cancelled,TRK79610967,,Google,1979.64,3,659.88,3,1979.64,0,2026,1,January,2026-01
ORD201115,23/01/2026,C70426,Laptop,562 Main St,Online,Returned,TRK89687816,,Google,672.64,2,336.32,3,672.64,0,2026,1,January,2026-01
ORD201116,24/01/2026,C69149,Printer,562 Main St,Credit Card,Delivered,TRK61265132,WINTER15,Facebook,1062.98,2,531.49,7,1062.98,0,2026,1,January,2026-01
ORD201117,25/01/2026,C78684,Chair,858 Main St,Gift Card,Shipped,TRK95779073,WINTER15,Google,1765.32,3,588.44,8,1765.32,0,2026,1,January,2026-01
ORD201118,26/01/2026,C58168,Phone,359 Main St,Credit Card,Returned,TRK99102265,,Email,754.44,3,251.48,4,754.44,0,2026,1,January,2026-01
ORD201119,27/01/2026,C99024,Laptop,250 Main St,Credit Card,Delivered,TRK24675988,FREESHIP,Email,684.65,1,684.65,1,684.65,0,2026,1,January,2026-01
ORD201120,28/01/2026,C22919,Tablet,267 Main St,Online,Pending,TRK82416295,,Facebook,195.86,1,195.86,3,195.86,0,2026,1,January,2026-01
ORD201121,29/01/2026,C98354,Phone,393 Main St,Gift Card,Returned,TRK43070888,FREESHIP,Instagram,151.02,3,50.34,3,151.02,0,2026,1,January,2026-01
ORD201122,30/01/2026,C38840,Monitor,766 Main St,Online,Returned,TRK32496970,,Facebook,3390.95,5,678.19,8,3390.95,0,2026,1,January,2026-01
ORD201123,31/01/2026,C68936,Tablet,843 Main St,Debit Card,Shipped,TRK73163634,WINTER15,Referral,1662.75,3,554.25,6,1662.75,0,2026,1,January,2026-01
ORD201124,01/02/2026,C33744,Chair,888 Main St,Gift Card,Returned,TRK40245983,,Instagram,2307.48,4,576.87,5,2307.48,0,2026,2,February,2026-02
ORD201125,02/02/2026,C23555,Desk,156 Main St,Gift Card,Cancelled,TRK67210247,FREESHIP,Referral,1633.44,4,408.36,4,1633.44,0,2026,2,February,2026-02
ORD201126,03/02/2026,C34337,Phone,325 Main St,Cash,Delivered,TRK36195559,SAVE10,Google,950.55,5,190.11,7,950.55,0,2026,2,February,2026-02
ORD201127,04/02/2026,C69396,Printer,920 Main St,Credit Card,Shipped,TRK33155049,SAVE10,Email,1808.25,3,602.75,6,1808.25,0,2026,2,February,2026-02
ORD201128,05/02/2026,C49198,Monitor,447 Main St,Cash,Cancelled,TRK10883354,WINTER15,Google,1940.37,3,646.79,5,1940.37,0,2026,2,February,2026-02
ORD201129,06/02/2026,C43911,Chair,239 Main St,Cash,Pending,TRK37495481,FREESHIP,Instagram,1674.84,4,418.71,8,1674.84,0,2026,2,February,2026-02
ORD201130,07/02/2026,C24347,Laptop,533 Main St,Credit Card,Returned,TRK27233265,FREESHIP,Instagram,646.9,2,323.45,5,646.9,0,2026,2,February,2026-02
ORD201131,08/02/2026,C21043,Phone,195 Main St,Credit Card,Pending,TRK41691086,WINTER15,Facebook,694.5,1,694.5,3,694.5,0,2026,2,February,2026-02
ORD201132,09/02/2026,C58858,Chair,948 Main St,Credit Card,Cancelled,TRK30406357,SAVE10,Email,674.64,2,337.32,4,674.64,0,2026,2,February,2026-02
ORD201133,10/02/2026,C20670,Printer,432 Main St,Gift Card,Returned,TRK76731303,WINTER15,Facebook,935.82,2,467.91,5,935.82,0,2026,2,February,2026-02
ORD201134,11/02/2026,C90993,Desk,950 Main St,Debit Card,Cancelled,TRK53964711,WINTER15,Facebook,153.12,4,38.28,4,153.12,0,2026,2,February,2026-02
ORD201135,12/02/2026,C11473,Printer,562 Main St,Online,Shipped,TRK97793275,SAVE10,Google,146.82,2,73.41,2,146.82,0,2026,2,February,2026-02
ORD201136,13/02/2026,C71899,Tablet,799 Main St,Gift Card,Pending,TRK34856025,WINTER15,Facebook,2004.99,3,668.33,4,2004.99,0,2026,2,February,2026-02
ORD201137,14/02/2026,C48577,Printer,841 Main St,Cash,Pending,TRK59911645,WINTER15,Instagram,1640.84,4,410.21,5,1640.84,0,2026,2,February,2026-02
ORD201138,15/02/2026,C13100,Desk,188 Main St,Debit Card,Pending,TRK55565668,,Instagram,1177.64,4,294.41,4,1177.64,0,2026,2,February,2026-02
ORD201139,16/02/2026,C70659,Chair,568 Main St,Gift Card,Cancelled,TRK28290825,FREESHIP,Email,1505.46,3,501.82,4,1505.46,0,2026,2,February,2026-02
ORD201140,17/02/2026,C49838,Printer,904 Main St,Credit Card,Cancelled,TRK38297718,,Referral,1105.66,2,552.83,3,1105.66,0,2026,2,February,2026-02
ORD201141,18/02/2026,C11998,Chair,382 Main St,Cash,Cancelled,TRK26707221,,Email,1495.98,3,498.66,6,1495.98,0,2026,2,February,2026-02
ORD201142,19/02/2026,C23405,Phone,484 Main St,Debit Card,Returned,TRK83678708,,Email,2780.4,4,695.1,8,2780.4,0,2026,2,February,2026-02
ORD201143,20/02/2026,C41132,Chair,114 Main St,Debit Card,Pending,TRK51040137,,Email,381.61,1,381.61,5,381.61,0,2026,2,February,2026-02
ORD201144,21/02/2026,C88463,Desk,292 Main St,Online,Cancelled,TRK88749996,,Facebook,2539.7,5,507.94,9,2539.7,0,2026,2,February,2026-02
ORD201145,22/02/2026,C28152,Desk,821 Main St,Debit Card,Delivered,TRK59642814,FREESHIP,Facebook,1714.59,3,571.53,6,1714.59,0,2026,2,February,2026-02
ORD201146,23/02/2026,C36383,Monitor,286 Main St,Cash,Pending,TRK93336357,SAVE10,Instagram,2107.2,5,421.44,5,2107.2,0,2026,2,February,2026-02
ORD201147,24/02/2026,C19759,Chair,234 Main St,Online,Pending,TRK22515454,FREESHIP,Email,1176.6,2,588.3,2,1176.6,0,2026,2,February,2026-02
ORD201148,25/02/2026,C54886,Phone,442 Main St,Cash,Returned,TRK66241930,SAVE10,Email,355.15,1,355.15,2,355.15,0,2026,2,February,2026-02
ORD201149,26/02/2026,C27305,Chair,957 Main St,Credit Card,Pending,TRK28789916,FREESHIP,Instagram,1390.58,2,695.29,6,1390.58,0,2026,2,February,2026-02
ORD201150,27/02/2026,C17921,Desk,119 Main St,Credit Card,Cancelled,TRK79291524,SAVE10,Referral,1210.6,4,302.65,8,1210.6,0,2026,2,February,2026-02
ORD201151,28/02/2026,C94381,Chair,962 Main St,Cash,Cancelled,TRK69804304,,Google,1216.08,2,608.04,4,1216.08,0,2026,2,February,2026-02
ORD201152,01/03/2026,C25162,Tablet,533 Main St,Credit Card,Shipped,TRK42183078,,Referral,688.36,2,344.18,7,688.36,0,2026,3,March,2026-03
ORD201153,02/03/2026,C98317,Monitor,276 Main St,Debit Card,Shipped,TRK37172138,,Instagram,2786.84,4,696.71,4,2786.84,0,2026,3,March,2026-03
ORD201154,03/03/2026,C53631,Monitor,593 Main St,Cash,Pending,TRK67589167,SAVE10,Instagram,595.89,3,198.63,8,595.89,0,2026,3,March,2026-03
ORD201155,04/03/2026,C41478,Printer,667 Main St,Credit Card,Delivered,TRK62068126,FREESHIP,Facebook,2138.28,4,534.57,6,2138.28,0,2026,3,March,2026-03
ORD201156,05/03/2026,C20512,Laptop,980 Main St,Credit Card,Shipped,TRK98234737,,Referral,2763.12,4,690.78,9,2763.12,0,2026,3,March,2026-03
ORD201157,06/03/2026,C25841,Monitor,242 Main St,Debit Card,Delivered,TRK21451375,FREESHIP,Google,904.65,3,301.55,5,904.65,0,2026,3,March,2026-03
ORD201158,07/03/2026,C82781,Monitor,661 Main St,Debit Card,Pending,TRK20605418,SAVE10,Referral,109.68,4,27.42,4,109.68,0,2026,3,March,2026-03
ORD201159,08/03/2026,C66112,Desk,874 Main St,Debit Card,Returned,TRK60955607,,Instagram,1866.8,4,466.7,8,1866.8,0,2026,3,March,2026-03
ORD201160,09/03/2026,C40466,Desk,449 Main St,Debit Card,Shipped,TRK70255168,SAVE10,Email,541.64,1,541.64,5,541.64,0,2026,3,March,2026-03
ORD201161,10/03/2026,C32570,Phone,826 Main St,Cash,Cancelled,TRK35969968,WINTER15,Email,11.39,1,11.39,6,11.39,0,2026,3,March,2026-03
ORD201162,11/03/2026,C29405,Phone,251 Main St,Debit Card,Delivered,TRK33125798,WINTER15,Referral,448.74,2,224.37,3,448.74,0,2026,3,March,2026-03
ORD201163,12/03/2026,C30643,Laptop,966 Main St,Credit Card,Returned,TRK19477485,WINTER15,Instagram,918.87,3,306.29,7,918.87,0,2026,3,March,2026-03
ORD201164,13/03/2026,C65890,Tablet,340 Main St,Debit Card,Delivered,TRK64530489,WINTER15,Email,1577.85,5,315.57,6,1577.85,0,2026,3,March,2026-03
ORD201165,14/03/2026,C36992,Chair,617 Main St,Debit Card,Pending,TRK63460217,,Google,671.37,3,223.79,3,671.37,0,2026,3,March,2026-03
ORD201166,15/03/2026,C95568,Chair,971 Main St,Cash,Delivered,TRK37075292,WINTER15,Email,973.41,3,324.47,4,973.41,0,2026,3,March,2026-03
ORD201167,16/03/2026,C17966,Printer,360 Main St,Credit Card,Pending,TRK31169396,FREESHIP,Facebook,185.74,2,92.87,5,185.74,0,2026,3,March,2026-03
ORD201168,17/03/2026,C89559,Laptop,297 Main St,Credit Card,Delivered,TRK82838108,WINTER15,Google,662.84,2,331.42,6,662.84,0,2026,3,March,2026-03
ORD201169,18/03/2026,C15849,Chair,643 Main St,Cash,Cancelled,TRK26794546,SAVE10,Instagram,525.43,1,525.43,2,525.43,0,2026,3,March,2026-03
ORD201170,19/03/2026,C94257,Printer,762 Main St,Cash,Returned,TRK40220743,FREESHIP,Email,1394.38,2,697.19,7,1394.38,0,2026,3,March,2026-03
ORD201171,20/03/2026,C39911,Phone,699 Main St,Credit Card,Delivered,TRK80431998,SAVE10,Facebook,2073.6,4,518.4,7,2073.6,0,2026,3,March,2026-03
ORD201172,21/03/2026,C28828,Desk,745 Main St,Credit Card,Pending,TRK32550359,,Instagram,395.88,3,131.96,8,395.88,0,2026,3,March,2026-03
ORD201173,22/03/2026,C82921,Monitor,703 Main St,Online,Shipped,TRK31079911,FREESHIP,Email,208.36,1,208.36,4,208.36,0,2026,3,March,2026-03
ORD201174,23/03/2026,C50159,Printer,105 Main St,Credit Card,Returned,TRK53737452,WINTER15,Email,667.02,3,222.34,5,667.02,0,2026,3,March,2026-03
ORD201175,24/03/2026,C62512,Printer,368 Main St,Debit Card,Returned,TRK24139954,FREESHIP,Referral,275.22,3,91.74,8,275.22,0,2026,3,March,2026-03
ORD201176,25/03/2026,C39260,Tablet,374 Main St,Debit Card,Cancelled,TRK55587314,WINTER15,Email,427.66,2,213.83,2,427.66,0,2026,3,March,2026-03
ORD201177,26/03/2026,C23917,Printer,433 Main St,Cash,Shipped,TRK44434536,SAVE10,Referral,127.55,1,127.55,3,127.55,0,2026,3,March,2026-03
ORD201178,27/03/2026,C65107,Monitor,456 Main St,Credit Card,Cancelled,TRK10261578,FREESHIP,Google,70.24,1,70.24,4,70.24,0,2026,3,March,2026-03
ORD201179,28/03/2026,C84630,Laptop,907 Main St,Credit Card,Cancelled,TRK48054997,WINTER15,Instagram,2592.75,5,518.55,6,2592.75,0,2026,3,March,2026-03
ORD201180,29/03/2026,C42235,Chair,722 Main St,Debit Card,Pending,TRK49379882,FREESHIP,Google,1193.44,4,298.36,8,1193.44,0,2026,3,March,2026-03
ORD201181,30/03/2026,C70246,Desk,293 Main St,Online,Pending,TRK45708320,FREESHIP,Instagram,476.22,3,158.74,7,476.22,0,2026,3,March,2026-03
ORD201182,31/03/2026,C18473,Chair,700 Main St,Gift Card,Returned,TRK97834202,SAVE10,Google,840.58,2,420.29,3,840.58,0,2026,3,March,2026-03
ORD201183,01/04/2026,C12607,Desk,460 Main St,Gift Card,Shipped,TRK83653396,WINTER15,Referral,281.52,1,281.52,6,281.52,0,2026,4,April,2026-04
ORD201184,02/04/2026,C10222,Laptop,979 Main St,Gift Card,Returned,TRK86297895,,Google,204.08,1,204.08,4,204.08,0,2026,4,April,2026-04
ORD201185,03/04/2026,C77344,Chair,777 Main St,Gift Card,Returned,TRK20605055,SAVE10,Google,343.31,1,343.31,6,343.31,0,2026,4,April,2026-04
ORD201186,04/04/2026,C65497,Monitor,676 Main St,Cash,Shipped,TRK83702761,WINTER15,Facebook,163.32,1,163.32,6,163.32,0,2026,4,April,2026-04
ORD201187,05/04/2026,C26340,Desk,562 Main St,Gift Card,Delivered,TRK59962703,WINTER15,Email,369.2,2,184.6,7,369.2,0,2026,4,April,2026-04
ORD201188,06/04/2026,C75619,Printer,924 Main St,Gift Card,Shipped,TRK23086941,WINTER15,Facebook,742.58,2,371.29,5,742.58,0,2026,4,April,2026-04
ORD201189,07/04/2026,C96136,Tablet,149 Main St,Cash,Cancelled,TRK60856682,,Referral,1946.1,5,389.22,7,1946.1,0,2026,4,April,2026-04
ORD201190,08/04/2026,C46886,Desk,754 Main St,Credit Card,Shipped,TRK82791646,FREESHIP,Instagram,1849.17,3,616.39,6,1849.17,0,2026,4,April,2026-04
ORD201191,09/04/2026,C44148,Desk,809 Main St,Gift Card,Pending,TRK67872709,WINTER15,Instagram,1505.72,4,376.43,5,1505.72,0,2026,4,April,2026-04
ORD201192,10/04/2026,C72007,Chair,999 Main St,Online,Pending,TRK16240916,,Instagram,1298.55,3,432.85,4,1298.55,0,2026,4,April,2026-04
ORD201193,11/04/2026,C45104,Tablet,348 Main St,Cash,Returned,TRK38559816,FREESHIP,Email,687.89,1,687.89,1,687.89,0,2026,4,April,2026-04
ORD201194,12/04/2026,C29885,Printer,725 Main St,Cash,Pending,TRK62067865,FREESHIP,Email,568.32,3,189.44,4,568.32,0,2026,4,April,2026-04
ORD201195,13/04/2026,C21126,Desk,392 Main St,Credit Card,Cancelled,TRK38009181,FREESHIP,Google,107.04,1,107.04,6,107.04,0,2026,4,April,2026-04
ORD201196,14/04/2026,C20095,Monitor,778 Main St,Online,Cancelled,TRK69207593,,Facebook,1325.06,2,662.53,5,1325.06,0,2026,4,April,2026-04
ORD201197,15/04/2026,C79674,Tablet,275 Main St,Online,Delivered,TRK88039356,FREESHIP,Instagram,873.68,2,436.84,2,873.68,0,2026,4,April,2026-04
ORD201198,16/04/2026,C64753,Chair,509 Main St,Debit Card,Cancelled,TRK71683331,WINTER15,Instagram,1050.08,4,262.52,4,1050.08,0,2026,4,April,2026-04
ORD201199,17/04/2026,C57502,Tablet,201 Main St,Gift Card,Returned,TRK51116746,SAVE10,Referral,2242.32,4,560.58,6,2242.32,0,2026,4,April,2026-04
